model_id,timing_mode,forecast_origin,forecast_origin_date,checkpoint_id,target_id,revision_target_id,target_quarter,forecast_value,forecast_variance,forecast_sd,density_source,realized_value,forecast_error,revision_target_flag,converged,n_iter,loglikelihood,llf_initial,llf_final,llf_last_improvement,llf_relative_last_improvement,llf_history_length,numerical_guard_event_count,numerical_guard_events,n_indicators,estimation_window,rolling_window_quarters,training_window_start,excluded_quarters,initialization_seed,initialization_jitter
ar,exact,2024:Q1:pre_advance:exact,2024-04-24,pre_advance,DELTA_SA,DELTA_SA,2024:Q1,0.09251088781958305,,,not_available,-0.3404999999999998,0.43301088781958286,True,True,0,,,,,,,0,{},14,expanding,40,1947:Q2,,,0.0
no_revision,exact,2024:Q1:pre_advance:exact,2024-04-24,pre_advance,DELTA_SA,DELTA_SA,2024:Q1,0.0,,,not_available,-0.3404999999999998,0.3404999999999998,True,True,0,,,,,,,0,{},14,expanding,40,1947:Q2,,,0.0
bridge,exact,2024:Q1:pre_advance:exact,2024-04-24,pre_advance,DELTA_SA,DELTA_SA,2024:Q1,-0.017364626211852086,,,not_available,-0.3404999999999998,0.3231353737881477,True,True,0,,,,,,,0,{},14,expanding,40,1947:Q2,,,0.0
midas_umidas,exact,2024:Q1:pre_advance:exact,2024-04-24,pre_advance,DELTA_SA,DELTA_SA,2024:Q1,-0.31312834190919436,,,not_available,-0.3404999999999998,0.02737165809080544,True,True,0,,,,,,,0,{},14,expanding,40,1947:Q2,,,0.0
spf,exact,2024:Q1:pre_advance:exact,2024-04-24,pre_advance,DELTA_SA,DELTA_SA,2024:Q1,0.0,,,not_available,-0.3404999999999998,0.3404999999999998,True,True,0,,,,,,,0,{},14,expanding,40,1947:Q2,,,0.0
monthly_mixed_frequency_kalman_em,exact,2024:Q1:pre_advance:exact,2024-04-24,pre_advance,DELTA_SA,DELTA_SA,2024:Q1,0.08161981079317071,7.620301858713173,2.7604894237640494,model_implied_state_space,-0.3404999999999998,0.4221198107931705,True,False,2,-7673.733338119839,-8672.313149082278,-7673.733338119839,511.9237515584018,0.0625314760287,3.0,0,{},14,expanding,40,1947:Q2,,,0.0
standard_dfm,exact,2024:Q1:pre_advance:exact,2024-04-24,pre_advance,DELTA_SA,DELTA_SA,2024:Q1,0.09456375499584957,,,not_available,-0.3404999999999998,0.43506375499584937,True,True,0,,,,,,,0,{},14,expanding,40,1947:Q2,,,0.0
release_dfm,exact,2024:Q1:pre_advance:exact,2024-04-24,pre_advance,DELTA_SA,DELTA_SA,2024:Q1,0.09456375499584957,,,not_available,-0.3404999999999998,0.43506375499584937,True,True,0,,,,,,,0,{},14,expanding,40,1947:Q2,,,0.0
revision_dfm_kalman_em,exact,2024:Q1:pre_advance:exact,2024-04-24,pre_advance,DELTA_SA,DELTA_SA,2024:Q1,0.13006066138572558,8.522730982202944,2.9193716759266786,model_implied_state_space,-0.3404999999999998,0.4705606613857254,True,False,2,-2612.008036080668,-3647.582056421837,-2612.008036080668,377.35187403413966,0.1261894505600338,3.0,0,{},14,expanding,40,1947:Q2,,,0.0
indicator_revision_only_dfm_kalman_em,exact,2024:Q1:pre_advance:exact,2024-04-24,pre_advance,DELTA_SA,DELTA_SA,2024:Q1,0.0,5.3183020046982765,2.306144402395105,model_implied_state_space,-0.3404999999999998,0.3404999999999998,True,False,2,-4332.7809962661695,-5850.402869240945,-4332.7809962661695,453.5008850024469,0.09473034934017097,3.0,0,{},14,expanding,40,1947:Q2,,,0.0
joint_indicator_revision_dfm_full_kalman_em,exact,2024:Q1:pre_advance:exact,2024-04-24,pre_advance,DELTA_SA,DELTA_SA,2024:Q1,0.1291273724343367,8.457046485521907,2.908100150531599,model_implied_state_space,-0.3404999999999998,0.4696273724343365,True,False,2,-4431.656284409866,-5863.431065462268,-4431.656284409866,386.01888901324855,0.08010892519634738,3.0,0,{},14,expanding,40,1947:Q2,,,0.0
ar,exact,2024:Q1:pre_second:exact,2024-05-29,pre_second,DELTA_TS,DELTA_TS,2024:Q1,0.07524733101140679,,,not_available,0.1602999999999999,-0.0850526689885931,True,True,0,,,,,,,0,{},14,expanding,40,1947:Q2,,,0.0
no_revision,exact,2024:Q1:pre_second:exact,2024-05-29,pre_second,DELTA_TS,DELTA_TS,2024:Q1,0.0,,,not_available,0.1602999999999999,-0.1602999999999999,True,True,0,,,,,,,0,{},14,expanding,40,1947:Q2,,,0.0
bridge,exact,2024:Q1:pre_second:exact,2024-05-29,pre_second,DELTA_TS,DELTA_TS,2024:Q1,-0.0684412084881667,,,not_available,0.1602999999999999,-0.2287412084881666,True,True,0,,,,,,,0,{},14,expanding,40,1947:Q2,,,0.0
midas_umidas,exact,2024:Q1:pre_second:exact,2024-05-29,pre_second,DELTA_TS,DELTA_TS,2024:Q1,-0.10888667569985477,,,not_available,0.1602999999999999,-0.26918667569985466,True,True,0,,,,,,,0,{},14,expanding,40,1947:Q2,,,0.0
spf,exact,2024:Q1:pre_second:exact,2024-05-29,pre_second,DELTA_TS,DELTA_TS,2024:Q1,0.0,,,not_available,0.1602999999999999,-0.1602999999999999,True,True,0,,,,,,,0,{},14,expanding,40,1947:Q2,,,0.0
monthly_mixed_frequency_kalman_em,exact,2024:Q1:pre_second:exact,2024-05-29,pre_second,DELTA_TS,DELTA_TS,2024:Q1,0.1177048199973858,9.442845706270077,3.0729213635025023,model_implied_state_space,0.1602999999999999,-0.042595180002614086,True,False,2,-7826.269774105582,-8727.160371021957,-7826.269774105582,476.4841232186318,0.05738177324501069,3.0,0,{},14,expanding,40,1947:Q2,,,0.0
standard_dfm,exact,2024:Q1:pre_second:exact,2024-05-29,pre_second,DELTA_TS,DELTA_TS,2024:Q1,0.06180734330986959,,,not_available,0.1602999999999999,-0.0984926566901303,True,True,0,,,,,,,0,{},14,expanding,40,1947:Q2,,,0.0
release_dfm,exact,2024:Q1:pre_second:exact,2024-05-29,pre_second,DELTA_TS,DELTA_TS,2024:Q1,0.04910496381408547,,,not_available,0.1602999999999999,-0.11119503618591442,True,True,0,,,,,,,0,{},14,expanding,40,1947:Q2,,,0.0
revision_dfm_kalman_em,exact,2024:Q1:pre_second:exact,2024-05-29,pre_second,DELTA_TS,DELTA_TS,2024:Q1,0.0007300323689451993,6.685631321671236,2.585658779048627,model_implied_state_space,0.1602999999999999,-0.1595699676310547,True,False,2,-2655.469442875955,-3670.8760630273187,-2655.469442875955,397.0499237823401,0.13003026216822816,3.0,0,{},14,expanding,40,1947:Q2,,,0.0
indicator_revision_only_dfm_kalman_em,exact,2024:Q1:pre_second:exact,2024-05-29,pre_second,DELTA_TS,DELTA_TS,2024:Q1,0.0,6.399936705794071,2.529809618487935,model_implied_state_space,0.1602999999999999,-0.1602999999999999,True,False,2,-4380.662588367688,-5873.591497240367,-4380.662588367688,458.9050341683842,0.09480397134250848,3.0,0,{},14,expanding,40,1947:Q2,,,0.0
joint_indicator_revision_dfm_full_kalman_em,exact,2024:Q1:pre_second:exact,2024-05-29,pre_second,DELTA_TS,DELTA_TS,2024:Q1,0.0007391365117004334,6.659302580322218,2.580562454257253,model_implied_state_space,0.1602999999999999,-0.15956086348829945,True,False,2,-4465.542147824246,-5888.707585376138,-4465.542147824246,402.942355889857,0.08274846250820199,3.0,0,{},14,expanding,40,1947:Q2,,,0.0
ar,exact,2024:Q1:pre_third:exact,2024-06-26,pre_third,DELTA_MT,DELTA_MT,2024:Q1,0.6009920585222952,,,not_available,0.20565928769517794,0.39533277082711726,True,True,0,,,,,,,0,{},14,expanding,40,1947:Q2,,,0.0
no_revision,exact,2024:Q1:pre_third:exact,2024-06-26,pre_third,DELTA_MT,DELTA_MT,2024:Q1,0.0,,,not_available,0.20565928769517794,-0.20565928769517794,True,True,0,,,,,,,0,{},14,expanding,40,1947:Q2,,,0.0
bridge,exact,2024:Q1:pre_third:exact,2024-06-26,pre_third,DELTA_MT,DELTA_MT,2024:Q1,-0.59390676595829,,,not_available,0.20565928769517794,-0.7995660536534679,True,True,0,,,,,,,0,{},14,expanding,40,1947:Q2,,,0.0
midas_umidas,exact,2024:Q1:pre_third:exact,2024-06-26,pre_third,DELTA_MT,DELTA_MT,2024:Q1,-0.7880560857654175,,,not_available,0.20565928769517794,-0.9937153734605955,True,True,0,,,,,,,0,{},14,expanding,40,1947:Q2,,,0.0
spf,exact,2024:Q1:pre_third:exact,2024-06-26,pre_third,DELTA_MT,DELTA_MT,2024:Q1,0.0,,,not_available,0.20565928769517794,-0.20565928769517794,True,True,0,,,,,,,0,{},14,expanding,40,1947:Q2,,,0.0
monthly_mixed_frequency_kalman_em,exact,2024:Q1:pre_third:exact,2024-06-26,pre_third,DELTA_MT,DELTA_MT,2024:Q1,0.06975050511875414,13.15808630231635,3.627407655932312,model_implied_state_space,0.20565928769517794,-0.1359087825764238,True,False,2,-7708.998124031514,-8711.839982586653,-7708.998124031514,514.1657106714283,0.06251890417136857,3.0,0,{},14,expanding,40,1947:Q2,,,0.0
standard_dfm,exact,2024:Q1:pre_third:exact,2024-06-26,pre_third,DELTA_MT,DELTA_MT,2024:Q1,0.038454902063699725,,,not_available,0.20565928769517794,-0.16720438563147821,True,True,0,,,,,,,0,{},14,expanding,40,1947:Q2,,,0.0
release_dfm,exact,2024:Q1:pre_third:exact,2024-06-26,pre_third,DELTA_MT,DELTA_MT,2024:Q1,0.03062698975457656,,,not_available,0.20565928769517794,-0.17503229794060138,True,True,0,,,,,,,0,{},14,expanding,40,1947:Q2,,,0.0
revision_dfm_kalman_em,exact,2024:Q1:pre_third:exact,2024-06-26,pre_third,DELTA_MT,DELTA_MT,2024:Q1,0.06253658568590081,9.71554456340142,3.116976830745044,model_implied_state_space,0.20565928769517794,-0.14312270200927713,True,False,2,-2611.3534360394333,-3649.917634814498,-2611.3534360394333,377.9718180238733,0.12639822959401442,3.0,0,{},14,expanding,40,1947:Q2,,,0.0
indicator_revision_only_dfm_kalman_em,exact,2024:Q1:pre_third:exact,2024-06-26,pre_third,DELTA_MT,DELTA_MT,2024:Q1,0.0,8.323147520814922,2.8849865720337284,model_implied_state_space,0.20565928769517794,-0.20565928769517794,True,False,2,-4332.7840980041365,-5852.241153368008,-4332.7840980041365,453.15873925129745,0.09466558399747121,3.0,0,{},14,expanding,40,1947:Q2,,,0.0
joint_indicator_revision_dfm_full_kalman_em,exact,2024:Q1:pre_third:exact,2024-06-26,pre_third,DELTA_MT,DELTA_MT,2024:Q1,0.06115658397858548,9.682770554797518,3.1117150503858024,model_implied_state_space,0.20565928769517794,-0.14450270371659246,True,False,2,-4431.7809904598735,-5865.331170531542,-4431.7809904598735,385.6111242265697,0.0800290044994944,3.0,0,{},14,expanding,40,1947:Q2,,,0.0
ar,pseudo,2024:Q1:pre_advance:pseudo,2024-04-30,pre_advance,DELTA_SA,DELTA_SA,2024:Q1,0.09251088781958305,,,not_available,-0.3404999999999998,0.43301088781958286,True,True,0,,,,,,,0,{},14,expanding,40,1947:Q2,,,0.0
no_revision,pseudo,2024:Q1:pre_advance:pseudo,2024-04-30,pre_advance,DELTA_SA,DELTA_SA,2024:Q1,0.0,,,not_available,-0.3404999999999998,0.3404999999999998,True,True,0,,,,,,,0,{},14,expanding,40,1947:Q2,,,0.0
bridge,pseudo,2024:Q1:pre_advance:pseudo,2024-04-30,pre_advance,DELTA_SA,DELTA_SA,2024:Q1,-0.020091256333635066,,,not_available,-0.3404999999999998,0.32040874366636474,True,True,0,,,,,,,0,{},14,expanding,40,1947:Q2,,,0.0
midas_umidas,pseudo,2024:Q1:pre_advance:pseudo,2024-04-30,pre_advance,DELTA_SA,DELTA_SA,2024:Q1,-0.31616270269216007,,,not_available,-0.3404999999999998,0.024337297307839734,True,True,0,,,,,,,0,{},14,expanding,40,1947:Q2,,,0.0
spf,pseudo,2024:Q1:pre_advance:pseudo,2024-04-30,pre_advance,DELTA_SA,DELTA_SA,2024:Q1,0.0,,,not_available,-0.3404999999999998,0.3404999999999998,True,True,0,,,,,,,0,{},14,expanding,40,1947:Q2,,,0.0
monthly_mixed_frequency_kalman_em,pseudo,2024:Q1:pre_advance:pseudo,2024-04-30,pre_advance,DELTA_SA,DELTA_SA,2024:Q1,0.08114701753328424,7.620234904973941,2.760477296587302,model_implied_state_space,-0.3404999999999998,0.42164701753328404,True,False,2,-7674.982068002778,-8673.668785656493,-7674.982068002778,511.96537743533554,0.06252670536137543,3.0,0,{},14,expanding,40,1947:Q2,,,0.0
standard_dfm,pseudo,2024:Q1:pre_advance:pseudo,2024-04-30,pre_advance,DELTA_SA,DELTA_SA,2024:Q1,0.09456438435190884,,,not_available,-0.3404999999999998,0.43506438435190864,True,True,0,,,,,,,0,{},14,expanding,40,1947:Q2,,,0.0
release_dfm,pseudo,2024:Q1:pre_advance:pseudo,2024-04-30,pre_advance,DELTA_SA,DELTA_SA,2024:Q1,0.09456438435190884,,,not_available,-0.3404999999999998,0.43506438435190864,True,True,0,,,,,,,0,{},14,expanding,40,1947:Q2,,,0.0
revision_dfm_kalman_em,pseudo,2024:Q1:pre_advance:pseudo,2024-04-30,pre_advance,DELTA_SA,DELTA_SA,2024:Q1,0.12861389062615025,8.522717947477085,2.9193694434718407,model_implied_state_space,-0.3404999999999998,0.46911389062615005,True,False,2,-2612.033538289334,-3647.5926867457183,-2612.033538289334,377.35441589568836,0.12618911715705117,3.0,0,{},14,expanding,40,1947:Q2,,,0.0
indicator_revision_only_dfm_kalman_em,pseudo,2024:Q1:pre_advance:pseudo,2024-04-30,pre_advance,DELTA_SA,DELTA_SA,2024:Q1,0.0,5.318284589285202,2.3061406265198143,model_implied_state_space,-0.3404999999999998,0.3404999999999998,True,False,2,-4332.800280813564,-5850.420619135662,-4332.800280813564,453.50492136368484,0.09473073100863351,3.0,0,{},14,expanding,40,1947:Q2,,,0.0
joint_indicator_revision_dfm_full_kalman_em,pseudo,2024:Q1:pre_advance:pseudo,2024-04-30,pre_advance,DELTA_SA,DELTA_SA,2024:Q1,0.12816543545480608,8.457032101676615,2.9080976774648777,model_implied_state_space,-0.3404999999999998,0.4686654354548059,True,False,2,-4431.675948045861,-5863.448810879318,-4431.675948045861,386.02255225276167,0.0801092976098918,3.0,0,{},14,expanding,40,1947:Q2,,,0.0
ar,pseudo,2024:Q1:pre_second:pseudo,2024-05-31,pre_second,DELTA_TS,DELTA_TS,2024:Q1,0.07524733101140679,,,not_available,0.1602999999999999,-0.0850526689885931,True,True,0,,,,,,,0,{},14,expanding,40,1947:Q2,,,0.0
no_revision,pseudo,2024:Q1:pre_second:pseudo,2024-05-31,pre_second,DELTA_TS,DELTA_TS,2024:Q1,0.0,,,not_available,0.1602999999999999,-0.1602999999999999,True,True,0,,,,,,,0,{},14,expanding,40,1947:Q2,,,0.0
bridge,pseudo,2024:Q1:pre_second:pseudo,2024-05-31,pre_second,DELTA_TS,DELTA_TS,2024:Q1,-0.08094110829243228,,,not_available,0.1602999999999999,-0.24124110829243217,True,True,0,,,,,,,0,{},14,expanding,40,1947:Q2,,,0.0
midas_umidas,pseudo,2024:Q1:pre_second:pseudo,2024-05-31,pre_second,DELTA_TS,DELTA_TS,2024:Q1,-0.07984072170621426,,,not_available,0.1602999999999999,-0.24014072170621414,True,True,0,,,,,,,0,{},14,expanding,40,1947:Q2,,,0.0
spf,pseudo,2024:Q1:pre_second:pseudo,2024-05-31,pre_second,DELTA_TS,DELTA_TS,2024:Q1,0.0,,,not_available,0.1602999999999999,-0.1602999999999999,True,True,0,,,,,,,0,{},14,expanding,40,1947:Q2,,,0.0
monthly_mixed_frequency_kalman_em,pseudo,2024:Q1:pre_second:pseudo,2024-05-31,pre_second,DELTA_TS,DELTA_TS,2024:Q1,0.11581804237887505,9.442896940539251,3.0729296999019113,model_implied_state_space,0.1602999999999999,-0.044481957621124835,True,False,2,-7827.424215982592,-8728.489443751847,-7827.424215982592,476.5587191702489,0.05738226350268576,3.0,0,{},14,expanding,40,1947:Q2,,,0.0
standard_dfm,pseudo,2024:Q1:pre_second:pseudo,2024-05-31,pre_second,DELTA_TS,DELTA_TS,2024:Q1,0.06165430325944121,,,not_available,0.1602999999999999,-0.09864569674055867,True,True,0,,,,,,,0,{},14,expanding,40,1947:Q2,,,0.0
release_dfm,pseudo,2024:Q1:pre_second:pseudo,2024-05-31,pre_second,DELTA_TS,DELTA_TS,2024:Q1,0.049190267556367795,,,not_available,0.1602999999999999,-0.11110973244363209,True,True,0,,,,,,,0,{},14,expanding,40,1947:Q2,,,0.0
revision_dfm_kalman_em,pseudo,2024:Q1:pre_second:pseudo,2024-05-31,pre_second,DELTA_TS,DELTA_TS,2024:Q1,0.0007271130046455632,6.685564664816868,2.585645889292822,model_implied_state_space,0.1602999999999999,-0.15957288699535432,True,False,2,-2655.2932612431027,-3670.8378361380483,-2655.2932612431027,397.08075846976226,0.13004655044097846,3.0,0,{},14,expanding,40,1947:Q2,,,0.0
indicator_revision_only_dfm_kalman_em,pseudo,2024:Q1:pre_second:pseudo,2024-05-31,pre_second,DELTA_TS,DELTA_TS,2024:Q1,0.0,6.39987869652013,2.529798153315819,model_implied_state_space,0.1602999999999999,-0.1602999999999999,True,False,2,-4380.560464643154,-5873.554111411712,-4380.560464643154,458.8833434648541,0.09480191520789878,3.0,0,{},14,expanding,40,1947:Q2,,,0.0
joint_indicator_revision_dfm_full_kalman_em,pseudo,2024:Q1:pre_second:pseudo,2024-05-31,pre_second,DELTA_TS,DELTA_TS,2024:Q1,0.0007378696253286243,6.659250495911342,2.5805523625594855,model_implied_state_space,0.1602999999999999,-0.15956213037467126,True,False,2,-4465.440384979753,-5888.670070530129,-4465.440384979753,402.9205001631226,0.08274607482729229,3.0,0,{},14,expanding,40,1947:Q2,,,0.0
ar,pseudo,2024:Q1:pre_third:pseudo,2024-06-30,pre_third,DELTA_MT,DELTA_MT,2024:Q1,0.6009920585222952,,,not_available,0.20565928769517794,0.39533277082711726,True,True,0,,,,,,,0,{},14,expanding,40,1947:Q2,,,0.0
no_revision,pseudo,2024:Q1:pre_third:pseudo,2024-06-30,pre_third,DELTA_MT,DELTA_MT,2024:Q1,0.0,,,not_available,0.20565928769517794,-0.20565928769517794,True,True,0,,,,,,,0,{},14,expanding,40,1947:Q2,,,0.0
bridge,pseudo,2024:Q1:pre_third:pseudo,2024-06-30,pre_third,DELTA_MT,DELTA_MT,2024:Q1,-0.5786114381404444,,,not_available,0.20565928769517794,-0.7842707258356223,True,True,0,,,,,,,0,{},14,expanding,40,1947:Q2,,,0.0
midas_umidas,pseudo,2024:Q1:pre_third:pseudo,2024-06-30,pre_third,DELTA_MT,DELTA_MT,2024:Q1,-0.3585489813489642,,,not_available,0.20565928769517794,-0.5642082690441421,True,True,0,,,,,,,0,{},14,expanding,40,1947:Q2,,,0.0
spf,pseudo,2024:Q1:pre_third:pseudo,2024-06-30,pre_third,DELTA_MT,DELTA_MT,2024:Q1,0.0,,,not_available,0.20565928769517794,-0.20565928769517794,True,True,0,,,,,,,0,{},14,expanding,40,1947:Q2,,,0.0
monthly_mixed_frequency_kalman_em,pseudo,2024:Q1:pre_third:pseudo,2024-06-30,pre_third,DELTA_MT,DELTA_MT,2024:Q1,0.0691662517871221,13.154915854689218,3.6269706167391567,model_implied_state_space,0.20565928769517794,-0.13649303590805584,True,False,2,-7712.899467148712,-8714.403693853066,-7712.899467148712,512.8974887722679,0.06234473653845632,3.0,0,{},14,expanding,40,1947:Q2,,,0.0
standard_dfm,pseudo,2024:Q1:pre_third:pseudo,2024-06-30,pre_third,DELTA_MT,DELTA_MT,2024:Q1,0.039410695160054576,,,not_available,0.20565928769517794,-0.16624859253512336,True,True,0,,,,,,,0,{},14,expanding,40,1947:Q2,,,0.0
release_dfm,pseudo,2024:Q1:pre_third:pseudo,2024-06-30,pre_third,DELTA_MT,DELTA_MT,2024:Q1,0.03458304431479564,,,not_available,0.20565928769517794,-0.1710762433803823,True,True,0,,,,,,,0,{},14,expanding,40,1947:Q2,,,0.0
revision_dfm_kalman_em,pseudo,2024:Q1:pre_third:pseudo,2024-06-30,pre_third,DELTA_MT,DELTA_MT,2024:Q1,0.06254472561965252,9.716735197851495,3.117167816761153,model_implied_state_space,0.20565928769517794,-0.14311456207552542,True,False,2,-2612.787789281999,-3649.929799046082,-2612.787789281999,377.1889887128568,0.12610896596988075,3.0,0,{},14,expanding,40,1947:Q2,,,0.0
indicator_revision_only_dfm_kalman_em,pseudo,2024:Q1:pre_third:pseudo,2024-06-30,pre_third,DELTA_MT,DELTA_MT,2024:Q1,0.0,8.323093606376458,2.8849772280516284,model_implied_state_space,0.20565928769517794,-0.20565928769517794,True,False,2,-4334.364354592974,-5852.055990747525,-4334.364354592974,452.6054837558804,0.09452972742868462,3.0,0,{},14,expanding,40,1947:Q2,,,0.0
joint_indicator_revision_dfm_full_kalman_em,pseudo,2024:Q1:pre_third:pseudo,2024-06-30,pre_third,DELTA_MT,DELTA_MT,2024:Q1,0.061121302634103536,9.68272432464175,3.1117076219724997,model_implied_state_space,0.20565928769517794,-0.1445379850610744,True,False,2,-4433.385272649922,-5865.147801484533,-4433.385272649922,385.03504132783655,0.07989239706093282,3.0,0,{},14,expanding,40,1947:Q2,,,0.0
ar,exact,2024:Q2:pre_advance:exact,2024-07-24,pre_advance,DELTA_SA,DELTA_SA,2024:Q2,0.05338533425259362,,,not_available,0.11129999999999995,-0.057914665747406335,True,True,0,,,,,,,0,{},14,expanding,40,1947:Q2,,,0.0
no_revision,exact,2024:Q2:pre_advance:exact,2024-07-24,pre_advance,DELTA_SA,DELTA_SA,2024:Q2,0.0,,,not_available,0.11129999999999995,-0.11129999999999995,True,True,0,,,,,,,0,{},14,expanding,40,1947:Q2,,,0.0
bridge,exact,2024:Q2:pre_advance:exact,2024-07-24,pre_advance,DELTA_SA,DELTA_SA,2024:Q2,-0.09906543830163139,,,not_available,0.11129999999999995,-0.21036543830163135,True,True,0,,,,,,,0,{},14,expanding,40,1947:Q2,,,0.0
midas_umidas,exact,2024:Q2:pre_advance:exact,2024-07-24,pre_advance,DELTA_SA,DELTA_SA,2024:Q2,0.0924165998799431,,,not_available,0.11129999999999995,-0.018883400120056848,True,True,0,,,,,,,0,{},14,expanding,40,1947:Q2,,,0.0
spf,exact,2024:Q2:pre_advance:exact,2024-07-24,pre_advance,DELTA_SA,DELTA_SA,2024:Q2,0.0,,,not_available,0.11129999999999995,-0.11129999999999995,True,True,0,,,,,,,0,{},14,expanding,40,1947:Q2,,,0.0
monthly_mixed_frequency_kalman_em,exact,2024:Q2:pre_advance:exact,2024-07-24,pre_advance,DELTA_SA,DELTA_SA,2024:Q2,0.01512041518863727,8.876488367569639,2.979343613544708,model_implied_state_space,0.11129999999999995,-0.09617958481136268,True,False,2,-7864.5717881606715,-8767.935885800214,-7864.5717881606715,477.22046053501344,0.057201527535295185,3.0,0,{},14,expanding,40,1947:Q2,,,0.0
standard_dfm,exact,2024:Q2:pre_advance:exact,2024-07-24,pre_advance,DELTA_SA,DELTA_SA,2024:Q2,0.09279112742291318,,,not_available,0.11129999999999995,-0.018508872577086777,True,True,0,,,,,,,0,{},14,expanding,40,1947:Q2,,,0.0
release_dfm,exact,2024:Q2:pre_advance:exact,2024-07-24,pre_advance,DELTA_SA,DELTA_SA,2024:Q2,0.09279112742291318,,,not_available,0.11129999999999995,-0.018508872577086777,True,True,0,,,,,,,0,{},14,expanding,40,1947:Q2,,,0.0
revision_dfm_kalman_em,exact,2024:Q2:pre_advance:exact,2024-07-24,pre_advance,DELTA_SA,DELTA_SA,2024:Q2,-0.13714768510808506,9.232232969732431,3.038458979438826,model_implied_state_space,0.11129999999999995,-0.24844768510808501,True,False,2,-2675.8842986829013,-3693.263701635883,-2675.8842986829013,397.54416283834826,0.12930668832074255,3.0,0,{},14,expanding,40,1947:Q2,,,0.0
indicator_revision_only_dfm_kalman_em,exact,2024:Q2:pre_advance:exact,2024-07-24,pre_advance,DELTA_SA,DELTA_SA,2024:Q2,0.0,6.205217004568622,2.4910272990412254,model_implied_state_space,0.11129999999999995,-0.11129999999999995,True,False,2,-4418.231019254988,-5913.65152738712,-4418.231019254988,459.6098602260363,0.09420472435553714,3.0,0,{},14,expanding,40,1947:Q2,,,0.0
joint_indicator_revision_dfm_full_kalman_em,exact,2024:Q2:pre_advance:exact,2024-07-24,pre_advance,DELTA_SA,DELTA_SA,2024:Q2,-0.11594913241155114,9.166302247605142,3.0275901716720415,model_implied_state_space,0.11129999999999995,-0.2272491324115511,True,False,2,-4503.6124572069675,-5928.753554710018,-4503.6124572069675,403.27031495999563,0.08216787842753238,3.0,0,{},14,expanding,40,1947:Q2,,,0.0
ar,exact,2024:Q2:pre_second:exact,2024-08-28,pre_second,DELTA_TS,DELTA_TS,2024:Q2,0.07879341069259516,,,not_available,0.03810000000000002,0.04069341069259513,True,True,0,,,,,,,0,{},14,expanding,40,1947:Q2,,,0.0
no_revision,exact,2024:Q2:pre_second:exact,2024-08-28,pre_second,DELTA_TS,DELTA_TS,2024:Q2,0.0,,,not_available,0.03810000000000002,-0.03810000000000002,True,True,0,,,,,,,0,{},14,expanding,40,1947:Q2,,,0.0
bridge,exact,2024:Q2:pre_second:exact,2024-08-28,pre_second,DELTA_TS,DELTA_TS,2024:Q2,-0.2008044816323573,,,not_available,0.03810000000000002,-0.23890448163235734,True,True,0,,,,,,,0,{},14,expanding,40,1947:Q2,,,0.0
midas_umidas,exact,2024:Q2:pre_second:exact,2024-08-28,pre_second,DELTA_TS,DELTA_TS,2024:Q2,0.051366070705576305,,,not_available,0.03810000000000002,0.013266070705576283,True,True,0,,,,,,,0,{},14,expanding,40,1947:Q2,,,0.0
spf,exact,2024:Q2:pre_second:exact,2024-08-28,pre_second,DELTA_TS,DELTA_TS,2024:Q2,0.0,,,not_available,0.03810000000000002,-0.03810000000000002,True,True,0,,,,,,,0,{},14,expanding,40,1947:Q2,,,0.0
monthly_mixed_frequency_kalman_em,exact,2024:Q2:pre_second:exact,2024-08-28,pre_second,DELTA_TS,DELTA_TS,2024:Q2,-0.055983662522202327,9.401931522801622,3.066256923808183,model_implied_state_space,0.03810000000000002,-0.09408366252220235,True,False,2,-7885.82102234415,-8790.137265095678,-7885.82102234415,477.636932698334,0.05710315423492472,3.0,0,{},14,expanding,40,1947:Q2,,,0.0
standard_dfm,exact,2024:Q2:pre_second:exact,2024-08-28,pre_second,DELTA_TS,DELTA_TS,2024:Q2,0.06724260548397076,,,not_available,0.03810000000000002,0.02914260548397074,True,True,0,,,,,,,0,{},14,expanding,40,1947:Q2,,,0.0
release_dfm,exact,2024:Q2:pre_second:exact,2024-08-28,pre_second,DELTA_TS,DELTA_TS,2024:Q2,0.051133342211973964,,,not_available,0.03810000000000002,0.013033342211973942,True,True,0,,,,,,,0,{},14,expanding,40,1947:Q2,,,0.0
revision_dfm_kalman_em,exact,2024:Q2:pre_second:exact,2024-08-28,pre_second,DELTA_TS,DELTA_TS,2024:Q2,-0.00011265690866846256,5.824491959914992,2.413398425439735,model_implied_state_space,0.03810000000000002,-0.038212656908668485,True,False,2,-2631.4125340399237,-3672.289620438151,-2631.4125340399237,378.434405321108,0.1256903499058043,3.0,0,{},14,expanding,40,1947:Q2,,,0.0
indicator_revision_only_dfm_kalman_em,exact,2024:Q2:pre_second:exact,2024-08-28,pre_second,DELTA_TS,DELTA_TS,2024:Q2,0.0,5.429374573067271,2.330101837488497,model_implied_state_space,0.03810000000000002,-0.03810000000000002,True,False,2,-4369.61366789287,-5892.200552157336,-4369.61366789287,453.975423615776,0.09409618415271469,3.0,0,{},14,expanding,40,1947:Q2,,,0.0
joint_indicator_revision_dfm_full_kalman_em,exact,2024:Q2:pre_second:exact,2024-08-28,pre_second,DELTA_TS,DELTA_TS,2024:Q2,-0.00014678567179560176,5.789923958302518,2.4062260821258086,model_implied_state_space,0.03810000000000002,-0.038246785671795624,True,False,2,-4469.072415190495,-5905.408900185612,-4469.072415190495,386.2260211187131,0.07953094855765191,3.0,0,{},14,expanding,40,1947:Q2,,,0.0
ar,exact,2024:Q2:pre_third:exact,2024-09-25,pre_third,DELTA_MT,DELTA_MT,2024:Q2,0.7888453633952031,,,not_available,-0.04377236429500231,0.8326177276902054,True,True,0,,,,,,,0,{},14,expanding,40,1947:Q2,,,0.0
no_revision,exact,2024:Q2:pre_third:exact,2024-09-25,pre_third,DELTA_MT,DELTA_MT,2024:Q2,0.0,,,not_available,-0.04377236429500231,0.04377236429500231,True,True,0,,,,,,,0,{},14,expanding,40,1947:Q2,,,0.0
bridge,exact,2024:Q2:pre_third:exact,2024-09-25,pre_third,DELTA_MT,DELTA_MT,2024:Q2,-0.5106839539856525,,,not_available,-0.04377236429500231,-0.46691158969065016,True,True,0,,,,,,,0,{},14,expanding,40,1947:Q2,,,0.0
midas_umidas,exact,2024:Q2:pre_third:exact,2024-09-25,pre_third,DELTA_MT,DELTA_MT,2024:Q2,-1.773609479377285,,,not_available,-0.04377236429500231,-1.7298371150822827,True,True,0,,,,,,,0,{},14,expanding,40,1947:Q2,,,0.0
spf,exact,2024:Q2:pre_third:exact,2024-09-25,pre_third,DELTA_MT,DELTA_MT,2024:Q2,0.0,,,not_available,-0.04377236429500231,0.04377236429500231,True,True,0,,,,,,,0,{},14,expanding,40,1947:Q2,,,0.0
monthly_mixed_frequency_kalman_em,exact,2024:Q2:pre_third:exact,2024-09-25,pre_third,DELTA_MT,DELTA_MT,2024:Q2,-0.05671529507523898,13.106850379089675,3.62033843433037,model_implied_state_space,-0.04377236429500231,-0.012942930780236672,True,False,2,-7768.081475806169,-8774.605780780788,-7768.081475806169,515.2775837463114,0.062198847254472646,3.0,0,{},14,expanding,40,1947:Q2,,,0.0
standard_dfm,exact,2024:Q2:pre_third:exact,2024-09-25,pre_third,DELTA_MT,DELTA_MT,2024:Q2,0.14321683108859062,,,not_available,-0.04377236429500231,0.18698919538359293,True,True,0,,,,,,,0,{},14,expanding,40,1947:Q2,,,0.0
release_dfm,exact,2024:Q2:pre_third:exact,2024-09-25,pre_third,DELTA_MT,DELTA_MT,2024:Q2,0.1003561647645066,,,not_available,-0.04377236429500231,0.1441285290595089,True,True,0,,,,,,,0,{},14,expanding,40,1947:Q2,,,0.0
revision_dfm_kalman_em,exact,2024:Q2:pre_third:exact,2024-09-25,pre_third,DELTA_MT,DELTA_MT,2024:Q2,-0.00903813461665992,9.677990901197948,3.1109469460596637,model_implied_state_space,-0.04377236429500231,0.03473422967834239,True,False,2,-2631.740316357393,-3673.4727838560216,-2631.740316357393,378.82070941791426,0.1257888205404668,3.0,0,{},14,expanding,40,1947:Q2,,,0.0
indicator_revision_only_dfm_kalman_em,exact,2024:Q2:pre_third:exact,2024-09-25,pre_third,DELTA_MT,DELTA_MT,2024:Q2,0.0,8.288807466267704,2.8790289102868876,model_implied_state_space,-0.04377236429500231,0.04377236429500231,True,False,2,-4369.732216640655,-5893.429602390834,-4369.732216640655,454.5249278182673,0.0941970374242584,3.0,0,{},14,expanding,40,1947:Q2,,,0.0
joint_indicator_revision_dfm_full_kalman_em,exact,2024:Q2:pre_third:exact,2024-09-25,pre_third,DELTA_MT,DELTA_MT,2024:Q2,-0.01020438374789956,9.644970520654578,3.1056352845520316,model_implied_state_space,-0.04377236429500231,0.03356798054710275,True,False,2,-4469.377047233025,-5906.608789748278,-4469.377047233025,386.58974947709703,0.07959489237994266,3.0,0,{},14,expanding,40,1947:Q2,,,0.0
ar,pseudo,2024:Q2:pre_advance:pseudo,2024-07-31,pre_advance,DELTA_SA,DELTA_SA,2024:Q2,0.05338533425259362,,,not_available,0.11129999999999995,-0.057914665747406335,True,True,0,,,,,,,0,{},14,expanding,40,1947:Q2,,,0.0
no_revision,pseudo,2024:Q2:pre_advance:pseudo,2024-07-31,pre_advance,DELTA_SA,DELTA_SA,2024:Q2,0.0,,,not_available,0.11129999999999995,-0.11129999999999995,True,True,0,,,,,,,0,{},14,expanding,40,1947:Q2,,,0.0
bridge,pseudo,2024:Q2:pre_advance:pseudo,2024-07-31,pre_advance,DELTA_SA,DELTA_SA,2024:Q2,-0.12876385080396302,,,not_available,0.11129999999999995,-0.24006385080396297,True,True,0,,,,,,,0,{},14,expanding,40,1947:Q2,,,0.0
midas_umidas,pseudo,2024:Q2:pre_advance:pseudo,2024-07-31,pre_advance,DELTA_SA,DELTA_SA,2024:Q2,0.07627890108821322,,,not_available,0.11129999999999995,-0.03502109891178673,True,True,0,,,,,,,0,{},14,expanding,40,1947:Q2,,,0.0
spf,pseudo,2024:Q2:pre_advance:pseudo,2024-07-31,pre_advance,DELTA_SA,DELTA_SA,2024:Q2,0.0,,,not_available,0.11129999999999995,-0.11129999999999995,True,True,0,,,,,,,0,{},14,expanding,40,1947:Q2,,,0.0
monthly_mixed_frequency_kalman_em,pseudo,2024:Q2:pre_advance:pseudo,2024-07-31,pre_advance,DELTA_SA,DELTA_SA,2024:Q2,0.016078222248607776,8.87643447462413,2.979334569098296,model_implied_state_space,0.11129999999999995,-0.09522177775139218,True,False,2,-7867.810555215364,-8770.881058229728,-7867.810555215364,477.0748274331554,0.0571628779404299,3.0,0,{},14,expanding,40,1947:Q2,,,0.0
standard_dfm,pseudo,2024:Q2:pre_advance:pseudo,2024-07-31,pre_advance,DELTA_SA,DELTA_SA,2024:Q2,0.09271338046008193,,,not_available,0.11129999999999995,-0.018586619539918026,True,True,0,,,,,,,0,{},14,expanding,40,1947:Q2,,,0.0
release_dfm,pseudo,2024:Q2:pre_advance:pseudo,2024-07-31,pre_advance,DELTA_SA,DELTA_SA,2024:Q2,0.09271338046008193,,,not_available,0.11129999999999995,-0.018586619539918026,True,True,0,,,,,,,0,{},14,expanding,40,1947:Q2,,,0.0
revision_dfm_kalman_em,pseudo,2024:Q2:pre_advance:pseudo,2024-07-31,pre_advance,DELTA_SA,DELTA_SA,2024:Q2,-0.11908642772660416,9.23204493318003,3.0384280365313954,model_implied_state_space,0.11129999999999995,-0.23038642772660411,True,False,2,-2676.32238722887,-3693.3082717387574,-2676.32238722887,397.40631654252456,0.12924922971417763,3.0,0,{},14,expanding,40,1947:Q2,,,0.0
indicator_revision_only_dfm_kalman_em,pseudo,2024:Q2:pre_advance:pseudo,2024-07-31,pre_advance,DELTA_SA,DELTA_SA,2024:Q2,0.0,6.204939441008207,2.4909715857488632,model_implied_state_space,0.11129999999999995,-0.11129999999999995,True,False,2,-4418.67918901742,-5913.7261000443,-4418.67918901742,459.63692272656226,0.09420109544045861,3.0,0,{},14,expanding,40,1947:Q2,,,0.0
joint_indicator_revision_dfm_full_kalman_em,pseudo,2024:Q2:pre_advance:pseudo,2024-07-31,pre_advance,DELTA_SA,DELTA_SA,2024:Q2,-0.0956775752196748,9.166027869419539,3.0275448583661877,model_implied_state_space,0.11129999999999995,-0.20697757521967475,True,False,2,-4504.067447132069,-5928.828091390656,-4504.067447132069,403.2907270763162,0.08216407865168857,3.0,0,{},14,expanding,40,1947:Q2,,,0.0
ar,pseudo,2024:Q2:pre_second:pseudo,2024-08-31,pre_second,DELTA_TS,DELTA_TS,2024:Q2,0.07879341069259516,,,not_available,0.03810000000000002,0.04069341069259513,True,True,0,,,,,,,0,{},14,expanding,40,1947:Q2,,,0.0
no_revision,pseudo,2024:Q2:pre_second:pseudo,2024-08-31,pre_second,DELTA_TS,DELTA_TS,2024:Q2,0.0,,,not_available,0.03810000000000002,-0.03810000000000002,True,True,0,,,,,,,0,{},14,expanding,40,1947:Q2,,,0.0
bridge,pseudo,2024:Q2:pre_second:pseudo,2024-08-31,pre_second,DELTA_TS,DELTA_TS,2024:Q2,-0.19987962032258766,,,not_available,0.03810000000000002,-0.23797962032258768,True,True,0,,,,,,,0,{},14,expanding,40,1947:Q2,,,0.0
midas_umidas,pseudo,2024:Q2:pre_second:pseudo,2024-08-31,pre_second,DELTA_TS,DELTA_TS,2024:Q2,0.05867969883295476,,,not_available,0.03810000000000002,0.02057969883295474,True,True,0,,,,,,,0,{},14,expanding,40,1947:Q2,,,0.0
spf,pseudo,2024:Q2:pre_second:pseudo,2024-08-31,pre_second,DELTA_TS,DELTA_TS,2024:Q2,0.0,,,not_available,0.03810000000000002,-0.03810000000000002,True,True,0,,,,,,,0,{},14,expanding,40,1947:Q2,,,0.0
monthly_mixed_frequency_kalman_em,pseudo,2024:Q2:pre_second:pseudo,2024-08-31,pre_second,DELTA_TS,DELTA_TS,2024:Q2,-0.055675706575780914,9.401926831625241,3.0662561588401647,model_implied_state_space,0.03810000000000002,-0.09377570657578094,True,False,2,-7887.04403161008,-8791.479195154145,-7887.04403161008,477.6828049540809,0.05709997640208238,3.0,0,{},14,expanding,40,1947:Q2,,,0.0
standard_dfm,pseudo,2024:Q2:pre_second:pseudo,2024-08-31,pre_second,DELTA_TS,DELTA_TS,2024:Q2,0.06725430602293159,,,not_available,0.03810000000000002,0.029154306022931564,True,True,0,,,,,,,0,{},14,expanding,40,1947:Q2,,,0.0
release_dfm,pseudo,2024:Q2:pre_second:pseudo,2024-08-31,pre_second,DELTA_TS,DELTA_TS,2024:Q2,0.05112795078956989,,,not_available,0.03810000000000002,0.013027950789569864,True,True,0,,,,,,,0,{},14,expanding,40,1947:Q2,,,0.0
revision_dfm_kalman_em,pseudo,2024:Q2:pre_second:pseudo,2024-08-31,pre_second,DELTA_TS,DELTA_TS,2024:Q2,-0.00011253051705439887,5.82449234993535,2.413398506242877,model_implied_state_space,0.03810000000000002,-0.03821253051705442,True,False,2,-2631.408092408326,-3672.288797379745,-2631.408092408326,378.4350335800518,0.12569071776392265,3.0,0,{},14,expanding,40,1947:Q2,,,0.0
indicator_revision_only_dfm_kalman_em,pseudo,2024:Q2:pre_second:pseudo,2024-08-31,pre_second,DELTA_TS,DELTA_TS,2024:Q2,0.0,5.429376264213095,2.330102200379437,model_implied_state_space,0.03810000000000002,-0.03810000000000002,True,False,2,-4369.609328897556,-5892.198142842263,-4369.609328897556,453.9746720377352,0.09409612765571662,3.0,0,{},14,expanding,40,1947:Q2,,,0.0
joint_indicator_revision_dfm_full_kalman_em,pseudo,2024:Q2:pre_second:pseudo,2024-08-31,pre_second,DELTA_TS,DELTA_TS,2024:Q2,-0.00014671823394740713,5.789925521491737,2.406226406947554,model_implied_state_space,0.03810000000000002,-0.03824671823394743,True,False,2,-4469.068033707601,-5905.4064891012,-4469.068033707601,386.22531038815487,0.07953088559975988,3.0,0,{},14,expanding,40,1947:Q2,,,0.0
ar,pseudo,2024:Q2:pre_third:pseudo,2024-09-30,pre_third,DELTA_MT,DELTA_MT,2024:Q2,0.7888453633952031,,,not_available,-0.04377236429500231,0.8326177276902054,True,True,0,,,,,,,0,{},14,expanding,40,1947:Q2,,,0.0
no_revision,pseudo,2024:Q2:pre_third:pseudo,2024-09-30,pre_third,DELTA_MT,DELTA_MT,2024:Q2,0.0,,,not_available,-0.04377236429500231,0.04377236429500231,True,True,0,,,,,,,0,{},14,expanding,40,1947:Q2,,,0.0
bridge,pseudo,2024:Q2:pre_third:pseudo,2024-09-30,pre_third,DELTA_MT,DELTA_MT,2024:Q2,-0.5308594477673396,,,not_available,-0.04377236429500231,-0.4870870834723373,True,True,0,,,,,,,0,{},14,expanding,40,1947:Q2,,,0.0
midas_umidas,pseudo,2024:Q2:pre_third:pseudo,2024-09-30,pre_third,DELTA_MT,DELTA_MT,2024:Q2,-1.7814356894620542,,,not_available,-0.04377236429500231,-1.737663325167052,True,True,0,,,,,,,0,{},14,expanding,40,1947:Q2,,,0.0
spf,pseudo,2024:Q2:pre_third:pseudo,2024-09-30,pre_third,DELTA_MT,DELTA_MT,2024:Q2,0.0,,,not_available,-0.04377236429500231,0.04377236429500231,True,True,0,,,,,,,0,{},14,expanding,40,1947:Q2,,,0.0
monthly_mixed_frequency_kalman_em,pseudo,2024:Q2:pre_third:pseudo,2024-09-30,pre_third,DELTA_MT,DELTA_MT,2024:Q2,-0.053627400363212896,13.108609615884369,3.620581391970683,model_implied_state_space,-0.04377236429500231,-0.009855036068210588,True,False,2,-7771.2771198798355,-8777.533419794598,-7771.2771198798355,515.2209934453867,0.06216845981744215,3.0,0,{},14,expanding,40,1947:Q2,,,0.0
standard_dfm,pseudo,2024:Q2:pre_third:pseudo,2024-09-30,pre_third,DELTA_MT,DELTA_MT,2024:Q2,0.15464902256998725,,,not_available,-0.04377236429500231,0.19842138686498956,True,True,0,,,,,,,0,{},14,expanding,40,1947:Q2,,,0.0
release_dfm,pseudo,2024:Q2:pre_third:pseudo,2024-09-30,pre_third,DELTA_MT,DELTA_MT,2024:Q2,0.11213392464429361,,,not_available,-0.04377236429500231,0.15590628893929592,True,True,0,,,,,,,0,{},14,expanding,40,1947:Q2,,,0.0
revision_dfm_kalman_em,pseudo,2024:Q2:pre_third:pseudo,2024-09-30,pre_third,DELTA_MT,DELTA_MT,2024:Q2,-0.008887816199918408,9.678173059823816,3.110976222960217,model_implied_state_space,-0.04377236429500231,0.0348845480950839,True,False,2,-2632.4958847552643,-3673.6852380640457,-2632.4958847552643,378.9523911004176,0.12579548473501231,3.0,0,{},14,expanding,40,1947:Q2,,,0.0
indicator_revision_only_dfm_kalman_em,pseudo,2024:Q2:pre_third:pseudo,2024-09-30,pre_third,DELTA_MT,DELTA_MT,2024:Q2,0.0,8.288563255568981,2.8789864979830977,model_implied_state_space,-0.04377236429500231,0.04377236429500231,True,False,2,-4370.2029034512525,-5893.414586372207,-4370.2029034512525,454.65005333859335,0.09421133578032312,3.0,0,{},14,expanding,40,1947:Q2,,,0.0
joint_indicator_revision_dfm_full_kalman_em,pseudo,2024:Q2:pre_third:pseudo,2024-09-30,pre_third,DELTA_MT,DELTA_MT,2024:Q2,-0.010147979679894892,9.644714232519675,3.105594022489043,model_implied_state_space,-0.04377236429500231,0.03362438461510742,True,False,2,-4469.861155143816,-5906.594671520123,-4469.861155143816,386.70027079712236,0.07960790134984576,3.0,0,{},14,expanding,40,1947:Q2,,,0.0
ar,exact,2024:Q3:pre_advance:exact,2024-10-29,pre_advance,DELTA_SA,DELTA_SA,2024:Q3,0.09455321279906093,,,not_available,0.008799999999999919,0.08575321279906101,True,True,0,,,,,,,0,{},14,expanding,40,1947:Q2,,,0.0
no_revision,exact,2024:Q3:pre_advance:exact,2024-10-29,pre_advance,DELTA_SA,DELTA_SA,2024:Q3,0.0,,,not_available,0.008799999999999919,-0.008799999999999919,True,True,0,,,,,,,0,{},14,expanding,40,1947:Q2,,,0.0
bridge,exact,2024:Q3:pre_advance:exact,2024-10-29,pre_advance,DELTA_SA,DELTA_SA,2024:Q3,0.08142710177194212,,,not_available,0.008799999999999919,0.0726271017719422,True,True,0,,,,,,,0,{},14,expanding,40,1947:Q2,,,0.0
midas_umidas,exact,2024:Q3:pre_advance:exact,2024-10-29,pre_advance,DELTA_SA,DELTA_SA,2024:Q3,0.471060820172546,,,not_available,0.008799999999999919,0.4622608201725461,True,True,0,,,,,,,0,{},14,expanding,40,1947:Q2,,,0.0
spf,exact,2024:Q3:pre_advance:exact,2024-10-29,pre_advance,DELTA_SA,DELTA_SA,2024:Q3,0.0,,,not_available,0.008799999999999919,-0.008799999999999919,True,True,0,,,,,,,0,{},14,expanding,40,1947:Q2,,,0.0
monthly_mixed_frequency_kalman_em,exact,2024:Q3:pre_advance:exact,2024-10-29,pre_advance,DELTA_SA,DELTA_SA,2024:Q3,0.03808821175714128,7.555617854279941,2.7487484159667908,model_implied_state_space,0.008799999999999919,0.029288211757141358,True,False,2,-7787.219617161944,-8797.525677759071,-7787.219617161944,517.334616500505,0.06228778982668555,3.0,0,{},14,expanding,40,1947:Q2,,,0.0
standard_dfm,exact,2024:Q3:pre_advance:exact,2024-10-29,pre_advance,DELTA_SA,DELTA_SA,2024:Q3,0.09251068801486473,,,not_available,0.008799999999999919,0.08371068801486481,True,True,0,,,,,,,0,{},14,expanding,40,1947:Q2,,,0.0
release_dfm,exact,2024:Q3:pre_advance:exact,2024-10-29,pre_advance,DELTA_SA,DELTA_SA,2024:Q3,0.09251068801486473,,,not_available,0.008799999999999919,0.08371068801486481,True,True,0,,,,,,,0,{},14,expanding,40,1947:Q2,,,0.0
revision_dfm_kalman_em,exact,2024:Q3:pre_advance:exact,2024-10-29,pre_advance,DELTA_SA,DELTA_SA,2024:Q3,0.0943436030672049,9.189558473740101,3.031428454333056,model_implied_state_space,0.008799999999999919,0.08554360306720499,True,False,2,-2694.0274548091948,-3716.891925364651,-2694.0274548091948,399.87510320785896,0.1292044242788905,3.0,0,{},14,expanding,40,1947:Q2,,,0.0
indicator_revision_only_dfm_kalman_em,exact,2024:Q3:pre_advance:exact,2024-10-29,pre_advance,DELTA_SA,DELTA_SA,2024:Q3,0.0,5.268394022291103,2.295298242558274,model_implied_state_space,0.008799999999999919,-0.008799999999999919,True,False,2,-4401.926886651159,-5931.705934825144,-4401.926886651159,456.61746339652746,0.0939630200909776,3.0,0,{},14,expanding,40,1947:Q2,,,0.0
joint_indicator_revision_dfm_full_kalman_em,exact,2024:Q3:pre_advance:exact,2024-10-29,pre_advance,DELTA_SA,DELTA_SA,2024:Q3,0.12992664519876662,8.386754741618637,2.895989423602689,model_implied_state_space,0.008799999999999919,0.1211266451987667,True,False,2,-4501.928105842048,-5944.867625333662,-4501.928105842048,388.3746300708908,0.07940106164751679,3.0,0,{},14,expanding,40,1947:Q2,,,0.0
ar,exact,2024:Q3:pre_second:exact,2024-11-26,pre_second,DELTA_TS,DELTA_TS,2024:Q3,0.06846951380118549,,,not_available,0.23939999999999984,-0.17093048619881435,True,True,0,,,,,,,0,{},14,expanding,40,1947:Q2,,,0.0
no_revision,exact,2024:Q3:pre_second:exact,2024-11-26,pre_second,DELTA_TS,DELTA_TS,2024:Q3,0.0,,,not_available,0.23939999999999984,-0.23939999999999984,True,True,0,,,,,,,0,{},14,expanding,40,1947:Q2,,,0.0
bridge,exact,2024:Q3:pre_second:exact,2024-11-26,pre_second,DELTA_TS,DELTA_TS,2024:Q3,0.002157589970467555,,,not_available,0.23939999999999984,-0.23724241002953228,True,True,0,,,,,,,0,{},14,expanding,40,1947:Q2,,,0.0
midas_umidas,exact,2024:Q3:pre_second:exact,2024-11-26,pre_second,DELTA_TS,DELTA_TS,2024:Q3,0.0015542975941231774,,,not_available,0.23939999999999984,-0.23784570240587666,True,True,0,,,,,,,0,{},14,expanding,40,1947:Q2,,,0.0
spf,exact,2024:Q3:pre_second:exact,2024-11-26,pre_second,DELTA_TS,DELTA_TS,2024:Q3,0.0,,,not_available,0.23939999999999984,-0.23939999999999984,True,True,0,,,,,,,0,{},14,expanding,40,1947:Q2,,,0.0
monthly_mixed_frequency_kalman_em,exact,2024:Q3:pre_second:exact,2024-11-26,pre_second,DELTA_TS,DELTA_TS,2024:Q3,-0.04717767542913087,7.610523949976926,2.758717809051322,model_implied_state_space,0.23939999999999984,-0.2865776754291307,True,False,2,-7805.136565582892,-8816.608054875596,-7805.136565582892,517.7601849363764,0.062201658724812633,3.0,0,{},14,expanding,40,1947:Q2,,,0.0
standard_dfm,exact,2024:Q3:pre_second:exact,2024-11-26,pre_second,DELTA_TS,DELTA_TS,2024:Q3,0.06600192387951109,,,not_available,0.23939999999999984,-0.17339807612048874,True,True,0,,,,,,,0,{},14,expanding,40,1947:Q2,,,0.0
release_dfm,exact,2024:Q3:pre_second:exact,2024-11-26,pre_second,DELTA_TS,DELTA_TS,2024:Q3,0.05152506963289527,,,not_available,0.23939999999999984,-0.18787493036710456,True,True,0,,,,,,,0,{},14,expanding,40,1947:Q2,,,0.0
revision_dfm_kalman_em,exact,2024:Q3:pre_second:exact,2024-11-26,pre_second,DELTA_TS,DELTA_TS,2024:Q3,-1.4178718446444805e-05,6.628191996622329,2.5745275288142344,model_implied_state_space,0.23939999999999984,-0.23941417871844628,True,False,2,-2695.163877184728,-3718.302264583135,-2695.163877184728,399.9043745962872,0.1291652321831865,3.0,0,{},14,expanding,40,1947:Q2,,,0.0
indicator_revision_only_dfm_kalman_em,exact,2024:Q3:pre_second:exact,2024-11-26,pre_second,DELTA_TS,DELTA_TS,2024:Q3,0.0,5.402992896112675,2.324433887232045,model_implied_state_space,0.23939999999999984,-0.23939999999999984,True,False,2,-4403.146534524436,-5933.016094706878,-4403.146534524436,456.6114220409263,0.09393831705283477,3.0,0,{},14,expanding,40,1947:Q2,,,0.0
joint_indicator_revision_dfm_full_kalman_em,exact,2024:Q3:pre_second:exact,2024-11-26,pre_second,DELTA_TS,DELTA_TS,2024:Q3,-3.812198732822125e-05,5.762872187788309,2.400598297880824,model_implied_state_space,0.23939999999999984,-0.23943812198732806,True,False,2,-4503.167781265271,-5946.275241594099,-4503.167781265271,388.4372306676187,0.0793927222247114,3.0,0,{},14,expanding,40,1947:Q2,,,0.0
ar,exact,2024:Q3:pre_third:exact,2024-12-18,pre_third,DELTA_MT,DELTA_MT,2024:Q3,0.04429239470049717,,,not_available,-0.04623121132299657,0.09052360602349374,True,True,0,,,,,,,0,{},14,expanding,40,1947:Q2,,,0.0
no_revision,exact,2024:Q3:pre_third:exact,2024-12-18,pre_third,DELTA_MT,DELTA_MT,2024:Q3,0.0,,,not_available,-0.04623121132299657,0.04623121132299657,True,True,0,,,,,,,0,{},14,expanding,40,1947:Q2,,,0.0
bridge,exact,2024:Q3:pre_third:exact,2024-12-18,pre_third,DELTA_MT,DELTA_MT,2024:Q3,-0.22192083157400377,,,not_available,-0.04623121132299657,-0.1756896202510072,True,True,0,,,,,,,0,{},14,expanding,40,1947:Q2,,,0.0
midas_umidas,exact,2024:Q3:pre_third:exact,2024-12-18,pre_third,DELTA_MT,DELTA_MT,2024:Q3,0.6178054195004883,,,not_available,-0.04623121132299657,0.6640366308234849,True,True,0,,,,,,,0,{},14,expanding,40,1947:Q2,,,0.0
spf,exact,2024:Q3:pre_third:exact,2024-12-18,pre_third,DELTA_MT,DELTA_MT,2024:Q3,0.0,,,not_available,-0.04623121132299657,0.04623121132299657,True,True,0,,,,,,,0,{},14,expanding,40,1947:Q2,,,0.0
monthly_mixed_frequency_kalman_em,exact,2024:Q3:pre_third:exact,2024-12-18,pre_third,DELTA_MT,DELTA_MT,2024:Q3,-0.037278508676815925,15.300425592113399,3.9115758451183584,model_implied_state_space,-0.04623121132299657,0.008952702646180644,True,False,2,-7958.884393613735,-8871.723646615586,-7958.884393613735,481.9900162348549,0.05709514177000173,3.0,0,{},14,expanding,40,1947:Q2,,,0.0
standard_dfm,exact,2024:Q3:pre_third:exact,2024-12-18,pre_third,DELTA_MT,DELTA_MT,2024:Q3,0.11047506427332321,,,not_available,-0.04623121132299657,0.15670627559631978,True,True,0,,,,,,,0,{},14,expanding,40,1947:Q2,,,0.0
release_dfm,exact,2024:Q3:pre_third:exact,2024-12-18,pre_third,DELTA_MT,DELTA_MT,2024:Q3,0.06954616317902884,,,not_available,-0.04623121132299657,0.11577737450202541,True,True,0,,,,,,,0,{},14,expanding,40,1947:Q2,,,0.0
revision_dfm_kalman_em,exact,2024:Q3:pre_third:exact,2024-12-18,pre_third,DELTA_MT,DELTA_MT,2024:Q3,0.0037396753429130847,10.524694661884217,3.2441785804551846,model_implied_state_space,-0.04623121132299657,0.04997088666590965,True,False,2,-2695.7129708003054,-3719.5343407445034,-2695.7129708003054,400.28798609569185,0.12925019774513885,3.0,0,{},14,expanding,40,1947:Q2,,,0.0
indicator_revision_only_dfm_kalman_em,exact,2024:Q3:pre_third:exact,2024-12-18,pre_third,DELTA_MT,DELTA_MT,2024:Q3,0.0,8.255082499908964,2.873165936716667,model_implied_state_space,-0.04623121132299657,0.04623121132299657,True,False,2,-4403.552650617802,-5934.350532547444,-4403.552650617802,457.13560829238577,0.09402816140145909,3.0,0,{},14,expanding,40,1947:Q2,,,0.0
joint_indicator_revision_dfm_full_kalman_em,exact,2024:Q3:pre_third:exact,2024-12-18,pre_third,DELTA_MT,DELTA_MT,2024:Q3,0.005705023778907581,9.607780571890723,3.099642007053512,model_implied_state_space,-0.04623121132299657,0.05193623510190415,True,False,2,-4503.765222373107,-5947.580603494442,-4503.765222373107,388.77099020589503,0.0794458185895398,3.0,0,{},14,expanding,40,1947:Q2,,,0.0
ar,pseudo,2024:Q3:pre_advance:pseudo,2024-10-31,pre_advance,DELTA_SA,DELTA_SA,2024:Q3,0.09455321279906093,,,not_available,0.008799999999999919,0.08575321279906101,True,True,0,,,,,,,0,{},14,expanding,40,1947:Q2,,,0.0
no_revision,pseudo,2024:Q3:pre_advance:pseudo,2024-10-31,pre_advance,DELTA_SA,DELTA_SA,2024:Q3,0.0,,,not_available,0.008799999999999919,-0.008799999999999919,True,True,0,,,,,,,0,{},14,expanding,40,1947:Q2,,,0.0
bridge,pseudo,2024:Q3:pre_advance:pseudo,2024-10-31,pre_advance,DELTA_SA,DELTA_SA,2024:Q3,0.080324416497084,,,not_available,0.008799999999999919,0.07152441649708408,True,True,0,,,,,,,0,{},14,expanding,40,1947:Q2,,,0.0
midas_umidas,pseudo,2024:Q3:pre_advance:pseudo,2024-10-31,pre_advance,DELTA_SA,DELTA_SA,2024:Q3,0.46289995995780153,,,not_available,0.008799999999999919,0.4540999599578016,True,True,0,,,,,,,0,{},14,expanding,40,1947:Q2,,,0.0
spf,pseudo,2024:Q3:pre_advance:pseudo,2024-10-31,pre_advance,DELTA_SA,DELTA_SA,2024:Q3,0.0,,,not_available,0.008799999999999919,-0.008799999999999919,True,True,0,,,,,,,0,{},14,expanding,40,1947:Q2,,,0.0
monthly_mixed_frequency_kalman_em,pseudo,2024:Q3:pre_advance:pseudo,2024-10-31,pre_advance,DELTA_SA,DELTA_SA,2024:Q3,0.03851934372199972,7.555558791621934,2.7487376723910804,model_implied_state_space,0.008799999999999919,0.029719343721999802,True,False,2,-7788.432111440373,-8798.85961474186,-7788.432111440373,517.3783434385105,0.06228363416365614,3.0,0,{},14,expanding,40,1947:Q2,,,0.0
standard_dfm,pseudo,2024:Q3:pre_advance:pseudo,2024-10-31,pre_advance,DELTA_SA,DELTA_SA,2024:Q3,0.0925133839370913,,,not_available,0.008799999999999919,0.08371338393709138,True,True,0,,,,,,,0,{},14,expanding,40,1947:Q2,,,0.0
release_dfm,pseudo,2024:Q3:pre_advance:pseudo,2024-10-31,pre_advance,DELTA_SA,DELTA_SA,2024:Q3,0.0925133839370913,,,not_available,0.008799999999999919,0.08371338393709138,True,True,0,,,,,,,0,{},14,expanding,40,1947:Q2,,,0.0
revision_dfm_kalman_em,pseudo,2024:Q3:pre_advance:pseudo,2024-10-31,pre_advance,DELTA_SA,DELTA_SA,2024:Q3,0.09385903940192852,9.18955888353185,3.0314285219235915,model_implied_state_space,0.008799999999999919,0.0850590394019286,True,False,2,-2694.0292847363407,-3716.8922551292662,-2694.0292847363407,399.87237625112584,0.1292035806150757,3.0,0,{},14,expanding,40,1947:Q2,,,0.0
indicator_revision_only_dfm_kalman_em,pseudo,2024:Q3:pre_advance:pseudo,2024-10-31,pre_advance,DELTA_SA,DELTA_SA,2024:Q3,0.0,5.268437674574656,2.2953077516042715,model_implied_state_space,0.008799999999999919,-0.008799999999999919,True,False,2,-4402.034401663771,-5931.697913158714,-4402.034401663771,456.6187995498649,0.09396119036556563,3.0,0,{},14,expanding,40,1947:Q2,,,0.0
joint_indicator_revision_dfm_full_kalman_em,pseudo,2024:Q3:pre_advance:pseudo,2024-10-31,pre_advance,DELTA_SA,DELTA_SA,2024:Q3,0.12771900389606694,8.386789041596144,2.8959953455757046,model_implied_state_space,0.008799999999999919,0.11891900389606702,True,False,2,-4502.034820808506,-5944.859622603694,-4502.034820808506,388.3765413877645,0.07939968909369775,3.0,0,{},14,expanding,40,1947:Q2,,,0.0
ar,pseudo,2024:Q3:pre_second:pseudo,2024-11-30,pre_second,DELTA_TS,DELTA_TS,2024:Q3,0.06846951380118549,,,not_available,0.23939999999999984,-0.17093048619881435,True,True,0,,,,,,,0,{},14,expanding,40,1947:Q2,,,0.0
no_revision,pseudo,2024:Q3:pre_second:pseudo,2024-11-30,pre_second,DELTA_TS,DELTA_TS,2024:Q3,0.0,,,not_available,0.23939999999999984,-0.23939999999999984,True,True,0,,,,,,,0,{},14,expanding,40,1947:Q2,,,0.0
bridge,pseudo,2024:Q3:pre_second:pseudo,2024-11-30,pre_second,DELTA_TS,DELTA_TS,2024:Q3,-0.008926583410610256,,,not_available,0.23939999999999984,-0.2483265834106101,True,True,0,,,,,,,0,{},14,expanding,40,1947:Q2,,,0.0
midas_umidas,pseudo,2024:Q3:pre_second:pseudo,2024-11-30,pre_second,DELTA_TS,DELTA_TS,2024:Q3,-3.7562781904476594e-05,,,not_available,0.23939999999999984,-0.2394375627819043,True,True,0,,,,,,,0,{},14,expanding,40,1947:Q2,,,0.0
spf,pseudo,2024:Q3:pre_second:pseudo,2024-11-30,pre_second,DELTA_TS,DELTA_TS,2024:Q3,0.0,,,not_available,0.23939999999999984,-0.23939999999999984,True,True,0,,,,,,,0,{},14,expanding,40,1947:Q2,,,0.0
monthly_mixed_frequency_kalman_em,pseudo,2024:Q3:pre_second:pseudo,2024-11-30,pre_second,DELTA_TS,DELTA_TS,2024:Q3,-0.048373168660185595,7.610484143810821,2.7587105944282775,model_implied_state_space,0.23939999999999984,-0.28777316866018543,True,False,2,-7807.775540563846,-8819.340189910548,-7807.775540563846,517.7793734447087,0.06218410600686716,3.0,0,{},14,expanding,40,1947:Q2,,,0.0
standard_dfm,pseudo,2024:Q3:pre_second:pseudo,2024-11-30,pre_second,DELTA_TS,DELTA_TS,2024:Q3,0.06588065497536855,,,not_available,0.23939999999999984,-0.1735193450246313,True,True,0,,,,,,,0,{},14,expanding,40,1947:Q2,,,0.0
release_dfm,pseudo,2024:Q3:pre_second:pseudo,2024-11-30,pre_second,DELTA_TS,DELTA_TS,2024:Q3,0.0515742862016948,,,not_available,0.23939999999999984,-0.18782571379830504,True,True,0,,,,,,,0,{},14,expanding,40,1947:Q2,,,0.0
revision_dfm_kalman_em,pseudo,2024:Q3:pre_second:pseudo,2024-11-30,pre_second,DELTA_TS,DELTA_TS,2024:Q3,-1.6902315556510672e-05,6.6281253525146635,2.574514585803441,model_implied_state_space,0.23939999999999984,-0.23941690231555635,True,False,2,-2695.3109861261737,-3718.325383646962,-2695.3109861261737,399.88337273041407,0.12915318819910562,3.0,0,{},14,expanding,40,1947:Q2,,,0.0
indicator_revision_only_dfm_kalman_em,pseudo,2024:Q3:pre_second:pseudo,2024-11-30,pre_second,DELTA_TS,DELTA_TS,2024:Q3,0.0,5.402932142275772,2.324420818671992,model_implied_state_space,0.23939999999999984,-0.23939999999999984,True,False,2,-4403.295401060879,-5933.100620143493,-4403.295401060879,456.6399566341406,0.09394075893464919,3.0,0,{},14,expanding,40,1947:Q2,,,0.0
joint_indicator_revision_dfm_full_kalman_em,pseudo,2024:Q3:pre_second:pseudo,2024-11-30,pre_second,DELTA_TS,DELTA_TS,2024:Q3,-3.7243503205885986e-05,5.762815559851739,2.4005865033053357,model_implied_state_space,0.23939999999999984,-0.23943724350320572,True,False,2,-4503.318525765792,-5946.3598319081,-4503.318525765792,388.46386566358615,0.07939528770869783,3.0,0,{},14,expanding,40,1947:Q2,,,0.0
ar,pseudo,2024:Q3:pre_third:pseudo,2024-12-31,pre_third,DELTA_MT,DELTA_MT,2024:Q3,0.04429239470049717,,,not_available,-0.04623121132299657,0.09052360602349374,True,True,0,,,,,,,0,{},14,expanding,40,1947:Q2,,,0.0
no_revision,pseudo,2024:Q3:pre_third:pseudo,2024-12-31,pre_third,DELTA_MT,DELTA_MT,2024:Q3,0.0,,,not_available,-0.04623121132299657,0.04623121132299657,True,True,0,,,,,,,0,{},14,expanding,40,1947:Q2,,,0.0
bridge,pseudo,2024:Q3:pre_third:pseudo,2024-12-31,pre_third,DELTA_MT,DELTA_MT,2024:Q3,-0.22083505646333856,,,not_available,-0.04623121132299657,-0.174603845140342,True,True,0,,,,,,,0,{},14,expanding,40,1947:Q2,,,0.0
midas_umidas,pseudo,2024:Q3:pre_third:pseudo,2024-12-31,pre_third,DELTA_MT,DELTA_MT,2024:Q3,0.6376457079243387,,,not_available,-0.04623121132299657,0.6838769192473353,True,True,0,,,,,,,0,{},14,expanding,40,1947:Q2,,,0.0
spf,pseudo,2024:Q3:pre_third:pseudo,2024-12-31,pre_third,DELTA_MT,DELTA_MT,2024:Q3,0.0,,,not_available,-0.04623121132299657,0.04623121132299657,True,True,0,,,,,,,0,{},14,expanding,40,1947:Q2,,,0.0
monthly_mixed_frequency_kalman_em,pseudo,2024:Q3:pre_third:pseudo,2024-12-31,pre_third,DELTA_MT,DELTA_MT,2024:Q3,-0.03704972197676826,15.300426590934963,3.9115759727934423,model_implied_state_space,-0.04623121132299657,0.009181489346228311,True,False,2,-7961.39118604929,-8874.44665657129,-7961.39118604929,482.0864286771048,0.05708895809450548,3.0,0,{},14,expanding,40,1947:Q2,,,0.0
standard_dfm,pseudo,2024:Q3:pre_third:pseudo,2024-12-31,pre_third,DELTA_MT,DELTA_MT,2024:Q3,0.11137752289705594,,,not_available,-0.04623121132299657,0.1576087342200525,True,True,0,,,,,,,0,{},14,expanding,40,1947:Q2,,,0.0
release_dfm,pseudo,2024:Q3:pre_third:pseudo,2024-12-31,pre_third,DELTA_MT,DELTA_MT,2024:Q3,0.0708003564841877,,,not_available,-0.04623121132299657,0.11703156780718427,True,True,0,,,,,,,0,{},14,expanding,40,1947:Q2,,,0.0
revision_dfm_kalman_em,pseudo,2024:Q3:pre_third:pseudo,2024-12-31,pre_third,DELTA_MT,DELTA_MT,2024:Q3,0.003755224931627499,10.524691793971117,3.244178138446025,model_implied_state_space,-0.04623121132299657,0.04998643625462407,True,False,2,-2695.7577604891576,-3719.5437790339006,-2695.7577604891576,400.28317296258865,0.12924697527858015,3.0,0,{},14,expanding,40,1947:Q2,,,0.0
indicator_revision_only_dfm_kalman_em,pseudo,2024:Q3:pre_third:pseudo,2024-12-31,pre_third,DELTA_MT,DELTA_MT,2024:Q3,0.0,8.255077350222448,2.8731650405471747,model_implied_state_space,-0.04623121132299657,0.04623121132299657,True,False,2,-4403.586857927063,-5934.361463031686,-4403.586857927063,457.1400097527303,0.09402832001767625,3.0,0,{},14,expanding,40,1947:Q2,,,0.0
joint_indicator_revision_dfm_full_kalman_em,pseudo,2024:Q3:pre_third:pseudo,2024-12-31,pre_third,DELTA_MT,DELTA_MT,2024:Q3,0.005699436318373774,9.607774935716133,3.099641097887969,model_implied_state_space,-0.04623121132299657,0.05193064764137034,True,False,2,-4503.799656486891,-5947.591530004643,-4503.799656486891,388.7751603481829,0.07944604402709915,3.0,0,{},14,expanding,40,1947:Q2,,,0.0
ar,exact,2024:Q4:pre_advance:exact,2025-01-29,pre_advance,DELTA_SA,DELTA_SA,2024:Q4,0.08856620479105981,,,not_available,0.0939000000000001,-0.005333795208940284,True,True,0,,,,,,,0,{},14,expanding,40,1947:Q2,,,0.0
no_revision,exact,2024:Q4:pre_advance:exact,2025-01-29,pre_advance,DELTA_SA,DELTA_SA,2024:Q4,0.0,,,not_available,0.0939000000000001,-0.0939000000000001,True,True,0,,,,,,,0,{},14,expanding,40,1947:Q2,,,0.0
bridge,exact,2024:Q4:pre_advance:exact,2025-01-29,pre_advance,DELTA_SA,DELTA_SA,2024:Q4,0.08078141299260189,,,not_available,0.0939000000000001,-0.013118587007398208,True,True,0,,,,,,,0,{},14,expanding,40,1947:Q2,,,0.0
midas_umidas,exact,2024:Q4:pre_advance:exact,2025-01-29,pre_advance,DELTA_SA,DELTA_SA,2024:Q4,-1.1851924056507572,,,not_available,0.0939000000000001,-1.2790924056507573,True,True,0,,,,,,,0,{},14,expanding,40,1947:Q2,,,0.0
spf,exact,2024:Q4:pre_advance:exact,2025-01-29,pre_advance,DELTA_SA,DELTA_SA,2024:Q4,0.0,,,not_available,0.0939000000000001,-0.0939000000000001,True,True,0,,,,,,,0,{},14,expanding,40,1947:Q2,,,0.0
monthly_mixed_frequency_kalman_em,exact,2024:Q4:pre_advance:exact,2025-01-29,pre_advance,DELTA_SA,DELTA_SA,2024:Q4,0.03449781912954686,8.794721578858297,2.965589583684549,model_implied_state_space,0.0939000000000001,-0.059402180870453236,True,False,2,-7978.785559297265,-8894.838933070552,-7978.785559297265,483.70983255635656,0.0571524896228977,3.0,0,{},14,expanding,40,1947:Q2,,,0.0
standard_dfm,exact,2024:Q4:pre_advance:exact,2025-01-29,pre_advance,DELTA_SA,DELTA_SA,2024:Q4,0.09221523935174014,,,not_available,0.0939000000000001,-0.001684760648259953,True,True,0,,,,,,,0,{},14,expanding,40,1947:Q2,,,0.0
release_dfm,exact,2024:Q4:pre_advance:exact,2025-01-29,pre_advance,DELTA_SA,DELTA_SA,2024:Q4,0.09221523935174014,,,not_available,0.0939000000000001,-0.001684760648259953,True,True,0,,,,,,,0,{},14,expanding,40,1947:Q2,,,0.0
revision_dfm_kalman_em,exact,2024:Q4:pre_advance:exact,2025-01-29,pre_advance,DELTA_SA,DELTA_SA,2024:Q4,0.0747572882549341,8.413838486731017,2.9006617325587993,model_implied_state_space,0.0939000000000001,-0.019142711745065988,True,False,2,-2666.5557228563916,-3718.0180569450267,-2666.5557228563916,382.362589577604,0.12536814117898734,3.0,0,{},14,expanding,40,1947:Q2,,,0.0
indicator_revision_only_dfm_kalman_em,exact,2024:Q4:pre_advance:exact,2025-01-29,pre_advance,DELTA_SA,DELTA_SA,2024:Q4,0.0,6.139670179072702,2.477835785332172,model_implied_state_space,0.0939000000000001,-0.0939000000000001,True,False,2,-4483.694284565065,-5995.549201901164,-4483.694284565065,465.40968535408774,0.0940201838551866,3.0,0,{},14,expanding,40,1947:Q2,,,0.0
joint_indicator_revision_dfm_full_kalman_em,exact,2024:Q4:pre_advance:exact,2025-01-29,pre_advance,DELTA_SA,DELTA_SA,2024:Q4,0.059630980906502984,9.082639257005216,3.013741736945158,model_implied_state_space,0.0939000000000001,-0.03426901909349711,True,False,2,-4570.179490260482,-6010.7900530414345,-4570.179490260482,408.28039760468164,0.08199290822678422,3.0,0,{},14,expanding,40,1947:Q2,,,0.0
ar,exact,2024:Q4:pre_second:exact,2025-02-26,pre_second,DELTA_TS,DELTA_TS,2024:Q4,0.07963622768986722,,,not_available,0.10440000000000005,-0.024763772310132826,True,True,0,,,,,,,0,{},14,expanding,40,1947:Q2,,,0.0
no_revision,exact,2024:Q4:pre_second:exact,2025-02-26,pre_second,DELTA_TS,DELTA_TS,2024:Q4,0.0,,,not_available,0.10440000000000005,-0.10440000000000005,True,True,0,,,,,,,0,{},14,expanding,40,1947:Q2,,,0.0
bridge,exact,2024:Q4:pre_second:exact,2025-02-26,pre_second,DELTA_TS,DELTA_TS,2024:Q4,0.13209416253015283,,,not_available,0.10440000000000005,0.027694162530152777,True,True,0,,,,,,,0,{},14,expanding,40,1947:Q2,,,0.0
midas_umidas,exact,2024:Q4:pre_second:exact,2025-02-26,pre_second,DELTA_TS,DELTA_TS,2024:Q4,-0.7663464835903937,,,not_available,0.10440000000000005,-0.8707464835903937,True,True,0,,,,,,,0,{},14,expanding,40,1947:Q2,,,0.0
spf,exact,2024:Q4:pre_second:exact,2025-02-26,pre_second,DELTA_TS,DELTA_TS,2024:Q4,0.0,,,not_available,0.10440000000000005,-0.10440000000000005,True,True,0,,,,,,,0,{},14,expanding,40,1947:Q2,,,0.0
monthly_mixed_frequency_kalman_em,exact,2024:Q4:pre_second:exact,2025-02-26,pre_second,DELTA_TS,DELTA_TS,2024:Q4,0.03809579647821559,7.570314804384633,2.7514205066446373,model_implied_state_space,0.10440000000000005,-0.06630420352178445,True,False,2,-7856.51383211093,-8878.365196094403,-7856.51383211093,523.1404751050504,0.06242239041581893,3.0,0,{},14,expanding,40,1947:Q2,,,0.0
standard_dfm,exact,2024:Q4:pre_second:exact,2025-02-26,pre_second,DELTA_TS,DELTA_TS,2024:Q4,0.06731776128520695,,,not_available,0.10440000000000005,-0.0370822387147931,True,True,0,,,,,,,0,{},14,expanding,40,1947:Q2,,,0.0
release_dfm,exact,2024:Q4:pre_second:exact,2025-02-26,pre_second,DELTA_TS,DELTA_TS,2024:Q4,0.050394463414683344,,,not_available,0.10440000000000005,-0.054005536585316705,True,True,0,,,,,,,0,{},14,expanding,40,1947:Q2,,,0.0
revision_dfm_kalman_em,exact,2024:Q4:pre_second:exact,2025-02-26,pre_second,DELTA_TS,DELTA_TS,2024:Q4,0.0003484518585912255,6.595138921076891,2.5681002552620273,model_implied_state_space,0.10440000000000005,-0.10405154814140882,True,False,2,-2712.098672547899,-3741.8594275095634,-2712.098672547899,402.29287718264914,0.1291307595725628,3.0,0,{},14,expanding,40,1947:Q2,,,0.0
indicator_revision_only_dfm_kalman_em,exact,2024:Q4:pre_second:exact,2025-02-26,pre_second,DELTA_TS,DELTA_TS,2024:Q4,0.0,5.369332061760892,2.317181922456865,model_implied_state_space,0.10440000000000005,-0.10440000000000005,True,False,2,-4434.022183397944,-5974.033132685103,-4434.022183397944,459.6514068373017,0.09390849019111204,3.0,0,{},14,expanding,40,1947:Q2,,,0.0
joint_indicator_revision_dfm_full_kalman_em,exact,2024:Q4:pre_second:exact,2025-02-26,pre_second,DELTA_TS,DELTA_TS,2024:Q4,0.0004235951152860018,5.7314336862689,2.3940412875029744,model_implied_state_space,0.10440000000000005,-0.10397640488471405,True,False,2,-4534.782392895355,-5987.362242407869,-4534.782392895355,390.98605748572754,0.07935953585468078,3.0,0,{},14,expanding,40,1947:Q2,,,0.0
ar,exact,2024:Q4:pre_third:exact,2025-03-26,pre_third,DELTA_MT,DELTA_MT,2024:Q4,0.7412054338564364,,,not_available,-0.615441403939172,1.3566468377956085,True,True,0,,,,,,,0,{},14,expanding,40,1947:Q2,,,0.0
no_revision,exact,2024:Q4:pre_third:exact,2025-03-26,pre_third,DELTA_MT,DELTA_MT,2024:Q4,0.0,,,not_available,-0.615441403939172,0.615441403939172,True,True,0,,,,,,,0,{},14,expanding,40,1947:Q2,,,0.0
bridge,exact,2024:Q4:pre_third:exact,2025-03-26,pre_third,DELTA_MT,DELTA_MT,2024:Q4,-0.7112153751916761,,,not_available,-0.615441403939172,-0.09577397125250409,True,True,0,,,,,,,0,{},14,expanding,40,1947:Q2,,,0.0
midas_umidas,exact,2024:Q4:pre_third:exact,2025-03-26,pre_third,DELTA_MT,DELTA_MT,2024:Q4,3.347750650871814,,,not_available,-0.615441403939172,3.963192054810986,True,True,0,,,,,,,0,{},14,expanding,40,1947:Q2,,,0.0
spf,exact,2024:Q4:pre_third:exact,2025-03-26,pre_third,DELTA_MT,DELTA_MT,2024:Q4,0.0,,,not_available,-0.615441403939172,0.615441403939172,True,True,0,,,,,,,0,{},14,expanding,40,1947:Q2,,,0.0
monthly_mixed_frequency_kalman_em,exact,2024:Q4:pre_third:exact,2025-03-26,pre_third,DELTA_MT,DELTA_MT,2024:Q4,0.05894433975680524,15.257634046903886,3.906102155205863,model_implied_state_space,-0.615441403939172,0.6743857436959773,True,False,2,-8011.863343907841,-8935.001437588267,-8011.863343907841,487.5147790900437,0.057352128580147044,3.0,0,{},14,expanding,40,1947:Q2,,,0.0
standard_dfm,exact,2024:Q4:pre_third:exact,2025-03-26,pre_third,DELTA_MT,DELTA_MT,2024:Q4,0.12970493761534474,,,not_available,-0.615441403939172,0.7451463415545168,True,True,0,,,,,,,0,{},14,expanding,40,1947:Q2,,,0.0
release_dfm,exact,2024:Q4:pre_third:exact,2025-03-26,pre_third,DELTA_MT,DELTA_MT,2024:Q4,0.11545599858903799,,,not_available,-0.615441403939172,0.73089740252821,True,True,0,,,,,,,0,{},14,expanding,40,1947:Q2,,,0.0
revision_dfm_kalman_em,exact,2024:Q4:pre_third:exact,2025-03-26,pre_third,DELTA_MT,DELTA_MT,2024:Q4,0.04509972801170381,9.605938158595205,3.0993447950486575,model_implied_state_space,-0.615441403939172,0.6605411319508758,True,False,2,-2666.8661012978932,-3720.4506600535587,-2666.8661012978932,383.1031864109241,0.1255676967822323,3.0,0,{},14,expanding,40,1947:Q2,,,0.0
indicator_revision_only_dfm_kalman_em,exact,2024:Q4:pre_third:exact,2025-03-26,pre_third,DELTA_MT,DELTA_MT,2024:Q4,0.0,9.14520475422484,3.024103958898378,model_implied_state_space,-0.615441403939172,0.615441403939172,True,False,2,-4483.399336049101,-5998.0585278144845,-4483.399336049101,466.29870823025794,0.09418847686925208,3.0,0,{},14,expanding,40,1947:Q2,,,0.0
joint_indicator_revision_dfm_full_kalman_em,exact,2024:Q4:pre_third:exact,2025-03-26,pre_third,DELTA_MT,DELTA_MT,2024:Q4,0.039969228754500374,10.489028961847522,3.2386770388304424,model_implied_state_space,-0.615441403939172,0.6554106326936724,True,False,2,-4570.0563064401185,-6013.371395028678,-4570.0563064401185,409.0674716794838,0.08214002099239784,3.0,0,{},14,expanding,40,1947:Q2,,,0.0
ar,pseudo,2024:Q4:pre_advance:pseudo,2025-01-31,pre_advance,DELTA_SA,DELTA_SA,2024:Q4,0.08856620479105981,,,not_available,0.0939000000000001,-0.005333795208940284,True,True,0,,,,,,,0,{},14,expanding,40,1947:Q2,,,0.0
no_revision,pseudo,2024:Q4:pre_advance:pseudo,2025-01-31,pre_advance,DELTA_SA,DELTA_SA,2024:Q4,0.0,,,not_available,0.0939000000000001,-0.0939000000000001,True,True,0,,,,,,,0,{},14,expanding,40,1947:Q2,,,0.0
bridge,pseudo,2024:Q4:pre_advance:pseudo,2025-01-31,pre_advance,DELTA_SA,DELTA_SA,2024:Q4,0.07752848161173453,,,not_available,0.0939000000000001,-0.01637151838826556,True,True,0,,,,,,,0,{},14,expanding,40,1947:Q2,,,0.0
midas_umidas,pseudo,2024:Q4:pre_advance:pseudo,2025-01-31,pre_advance,DELTA_SA,DELTA_SA,2024:Q4,-1.1891689234921552,,,not_available,0.0939000000000001,-1.2830689234921553,True,True,0,,,,,,,0,{},14,expanding,40,1947:Q2,,,0.0
spf,pseudo,2024:Q4:pre_advance:pseudo,2025-01-31,pre_advance,DELTA_SA,DELTA_SA,2024:Q4,0.0,,,not_available,0.0939000000000001,-0.0939000000000001,True,True,0,,,,,,,0,{},14,expanding,40,1947:Q2,,,0.0
monthly_mixed_frequency_kalman_em,pseudo,2024:Q4:pre_advance:pseudo,2025-01-31,pre_advance,DELTA_SA,DELTA_SA,2024:Q4,0.03444941908345589,8.794729315176916,2.965590888031745,model_implied_state_space,0.0939000000000001,-0.059450580916544205,True,False,2,-7980.080540836295,-8896.200466229933,-7980.080540836295,483.7298867040963,0.05714597991825944,3.0,0,{},14,expanding,40,1947:Q2,,,0.0
standard_dfm,pseudo,2024:Q4:pre_advance:pseudo,2025-01-31,pre_advance,DELTA_SA,DELTA_SA,2024:Q4,0.09222249777661595,,,not_available,0.0939000000000001,-0.001677502223384142,True,True,0,,,,,,,0,{},14,expanding,40,1947:Q2,,,0.0
release_dfm,pseudo,2024:Q4:pre_advance:pseudo,2025-01-31,pre_advance,DELTA_SA,DELTA_SA,2024:Q4,0.09222249777661595,,,not_available,0.0939000000000001,-0.001677502223384142,True,True,0,,,,,,,0,{},14,expanding,40,1947:Q2,,,0.0
revision_dfm_kalman_em,pseudo,2024:Q4:pre_advance:pseudo,2025-01-31,pre_advance,DELTA_SA,DELTA_SA,2024:Q4,0.07329008262067926,8.413832882320598,2.9006607665014186,model_implied_state_space,0.0939000000000001,-0.02060991737932083,True,False,2,-2666.5739087073307,-3718.021732128161,-2666.5739087073307,382.3560224703324,0.12536551038819901,3.0,0,{},14,expanding,40,1947:Q2,,,0.0
indicator_revision_only_dfm_kalman_em,pseudo,2024:Q4:pre_advance:pseudo,2025-01-31,pre_advance,DELTA_SA,DELTA_SA,2024:Q4,0.0,6.139671607159553,2.4778360735043696,model_implied_state_space,0.0939000000000001,-0.0939000000000001,True,False,2,-4483.723301964917,-5995.555928946273,-4483.723301964917,465.4028131307259,0.09401837494835902,3.0,0,{},14,expanding,40,1947:Q2,,,0.0
joint_indicator_revision_dfm_full_kalman_em,pseudo,2024:Q4:pre_advance:pseudo,2025-01-31,pre_advance,DELTA_SA,DELTA_SA,2024:Q4,0.05853984280585589,9.082640531199004,3.0137419483424597,model_implied_state_space,0.0939000000000001,-0.035360157194144204,True,False,2,-4570.208567034244,-6010.796793389851,-4570.208567034244,408.27343300564553,0.08199114546500519,3.0,0,{},14,expanding,40,1947:Q2,,,0.0
ar,pseudo,2024:Q4:pre_second:pseudo,2025-02-28,pre_second,DELTA_TS,DELTA_TS,2024:Q4,0.07963622768986722,,,not_available,0.10440000000000005,-0.024763772310132826,True,True,0,,,,,,,0,{},14,expanding,40,1947:Q2,,,0.0
no_revision,pseudo,2024:Q4:pre_second:pseudo,2025-02-28,pre_second,DELTA_TS,DELTA_TS,2024:Q4,0.0,,,not_available,0.10440000000000005,-0.10440000000000005,True,True,0,,,,,,,0,{},14,expanding,40,1947:Q2,,,0.0
bridge,pseudo,2024:Q4:pre_second:pseudo,2025-02-28,pre_second,DELTA_TS,DELTA_TS,2024:Q4,0.12681342774469329,,,not_available,0.10440000000000005,0.022413427744693237,True,True,0,,,,,,,0,{},14,expanding,40,1947:Q2,,,0.0
midas_umidas,pseudo,2024:Q4:pre_second:pseudo,2025-02-28,pre_second,DELTA_TS,DELTA_TS,2024:Q4,-0.7947347124417985,,,not_available,0.10440000000000005,-0.8991347124417985,True,True,0,,,,,,,0,{},14,expanding,40,1947:Q2,,,0.0
spf,pseudo,2024:Q4:pre_second:pseudo,2025-02-28,pre_second,DELTA_TS,DELTA_TS,2024:Q4,0.0,,,not_available,0.10440000000000005,-0.10440000000000005,True,True,0,,,,,,,0,{},14,expanding,40,1947:Q2,,,0.0
monthly_mixed_frequency_kalman_em,pseudo,2024:Q4:pre_second:pseudo,2025-02-28,pre_second,DELTA_TS,DELTA_TS,2024:Q4,0.03852476010124084,7.570083495406326,2.7513784718584837,model_implied_state_space,0.10440000000000005,-0.06587523989875921,True,False,2,-7858.966252749314,-8881.093444438682,-7858.966252749314,523.2614731234744,0.062417661816409384,3.0,0,{},14,expanding,40,1947:Q2,,,0.0
standard_dfm,pseudo,2024:Q4:pre_second:pseudo,2025-02-28,pre_second,DELTA_TS,DELTA_TS,2024:Q4,0.06728211452915778,,,not_available,0.10440000000000005,-0.03711788547084227,True,True,0,,,,,,,0,{},14,expanding,40,1947:Q2,,,0.0
release_dfm,pseudo,2024:Q4:pre_second:pseudo,2025-02-28,pre_second,DELTA_TS,DELTA_TS,2024:Q4,0.050411219760408965,,,not_available,0.10440000000000005,-0.05398878023959108,True,True,0,,,,,,,0,{},14,expanding,40,1947:Q2,,,0.0
revision_dfm_kalman_em,pseudo,2024:Q4:pre_second:pseudo,2025-02-28,pre_second,DELTA_TS,DELTA_TS,2024:Q4,0.00034742898906747754,6.595136225035003,2.568099730352192,model_implied_state_space,0.10440000000000005,-0.10405257101093257,True,False,2,-2712.084700204699,-3741.8607593111915,-2712.084700204699,402.31067646095516,0.12913631427788158,3.0,0,{},14,expanding,40,1947:Q2,,,0.0
indicator_revision_only_dfm_kalman_em,pseudo,2024:Q4:pre_second:pseudo,2025-02-28,pre_second,DELTA_TS,DELTA_TS,2024:Q4,0.0,5.369359455603583,2.317187833474788,model_implied_state_space,0.10440000000000005,-0.10440000000000005,True,False,2,-4434.064960802835,-5974.079332449183,-4434.064960802835,459.6441705883626,0.09390632992684497,3.0,0,{},14,expanding,40,1947:Q2,,,0.0
joint_indicator_revision_dfm_full_kalman_em,pseudo,2024:Q4:pre_second:pseudo,2025-02-28,pre_second,DELTA_TS,DELTA_TS,2024:Q4,0.00042442149544674734,5.731458254676563,2.394046418655362,model_implied_state_space,0.10440000000000005,-0.1039755785045533,True,False,2,-4534.824669400846,-5987.408487036016,-4534.824669400846,390.9791842924069,0.07935757052705059,3.0,0,{},14,expanding,40,1947:Q2,,,0.0
ar,pseudo,2024:Q4:pre_third:pseudo,2025-03-31,pre_third,DELTA_MT,DELTA_MT,2024:Q4,0.7412054338564364,,,not_available,-0.615441403939172,1.3566468377956085,True,True,0,,,,,,,0,{},14,expanding,40,1947:Q2,,,0.0
no_revision,pseudo,2024:Q4:pre_third:pseudo,2025-03-31,pre_third,DELTA_MT,DELTA_MT,2024:Q4,0.0,,,not_available,-0.615441403939172,0.615441403939172,True,True,0,,,,,,,0,{},14,expanding,40,1947:Q2,,,0.0
bridge,pseudo,2024:Q4:pre_third:pseudo,2025-03-31,pre_third,DELTA_MT,DELTA_MT,2024:Q4,-0.7046318942549585,,,not_available,-0.615441403939172,-0.08919049031578652,True,True,0,,,,,,,0,{},14,expanding,40,1947:Q2,,,0.0
midas_umidas,pseudo,2024:Q4:pre_third:pseudo,2025-03-31,pre_third,DELTA_MT,DELTA_MT,2024:Q4,3.3588403947890697,,,not_available,-0.615441403939172,3.9742817987282417,True,True,0,,,,,,,0,{},14,expanding,40,1947:Q2,,,0.0
spf,pseudo,2024:Q4:pre_third:pseudo,2025-03-31,pre_third,DELTA_MT,DELTA_MT,2024:Q4,0.0,,,not_available,-0.615441403939172,0.615441403939172,True,True,0,,,,,,,0,{},14,expanding,40,1947:Q2,,,0.0
monthly_mixed_frequency_kalman_em,pseudo,2024:Q4:pre_third:pseudo,2025-03-31,pre_third,DELTA_MT,DELTA_MT,2024:Q4,0.05725826561639957,15.257574397738235,3.906094519816211,model_implied_state_space,-0.615441403939172,0.6726996695555716,True,False,2,-8013.170651737517,-8936.352847687445,-8013.170651737517,487.52557790892206,0.057344506877211356,3.0,0,{},14,expanding,40,1947:Q2,,,0.0
standard_dfm,pseudo,2024:Q4:pre_third:pseudo,2025-03-31,pre_third,DELTA_MT,DELTA_MT,2024:Q4,0.12823974558642703,,,not_available,-0.615441403939172,0.743681149525599,True,True,0,,,,,,,0,{},14,expanding,40,1947:Q2,,,0.0
release_dfm,pseudo,2024:Q4:pre_third:pseudo,2025-03-31,pre_third,DELTA_MT,DELTA_MT,2024:Q4,0.1134332338784545,,,not_available,-0.615441403939172,0.7288746378176265,True,True,0,,,,,,,0,{},14,expanding,40,1947:Q2,,,0.0
revision_dfm_kalman_em,pseudo,2024:Q4:pre_third:pseudo,2025-03-31,pre_third,DELTA_MT,DELTA_MT,2024:Q4,0.045104548720636295,9.605937506972575,3.099344689926013,model_implied_state_space,-0.615441403939172,0.6605459526598083,True,False,2,-2666.854035468225,-3720.450246735032,-2666.854035468225,383.1080712600069,0.12556959341289278,3.0,0,{},14,expanding,40,1947:Q2,,,0.0
indicator_revision_only_dfm_kalman_em,pseudo,2024:Q4:pre_third:pseudo,2025-03-31,pre_third,DELTA_MT,DELTA_MT,2024:Q4,0.0,9.145201966815128,3.0241034980329506,model_implied_state_space,-0.615441403939172,0.615441403939172,True,False,2,-4483.400658405473,-5998.061395005917,-4483.400658405473,466.2965095273903,0.0941880494221564,3.0,0,{},14,expanding,40,1947:Q2,,,0.0
joint_indicator_revision_dfm_full_kalman_em,pseudo,2024:Q4:pre_third:pseudo,2025-03-31,pre_third,DELTA_MT,DELTA_MT,2024:Q4,0.03996654799482835,10.489026514546477,3.2386766610062323,model_implied_state_space,-0.615441403939172,0.6554079519340004,True,False,2,-4570.0576855404815,-6013.374256985266,-4570.0576855404815,409.0652214951797,0.08213958352659799,3.0,0,{},14,expanding,40,1947:Q2,,,0.0
