timing_mode,checkpoint_id,outcome_id,baseline_model,model_id,target_quarter,loss_diff_baseline_minus_model,cumulative_loss_diff
exact,pre_advance,A,ar,bridge,2024:Q3,-0.07053545014004434,-0.07053545014004434
exact,pre_advance,A,ar,bridge,2024:Q4,-0.00044289376299851135,-0.07097834390304285
exact,pre_advance,A,ar,indicator_revision_only_dfm_kalman_em,2024:Q3,-0.027016806508294133,-0.027016806508294133
exact,pre_advance,A,ar,indicator_revision_only_dfm_kalman_em,2024:Q4,-0.056382885271035216,-0.08339969177932935
exact,pre_advance,A,ar,joint_indicator_revision_dfm_full_kalman_em,2024:Q3,-0.12365685271080237,-0.12365685271080237
exact,pre_advance,A,ar,joint_indicator_revision_dfm_full_kalman_em,2024:Q4,-0.0010518909207825472,-0.12470874363158492
exact,pre_advance,A,ar,midas_umidas,2024:Q3,-3.3941584319243674,-3.3941584319243674
exact,pre_advance,A,ar,midas_umidas,2024:Q4,0.053104823491227374,-3.34105360843314
exact,pre_advance,A,ar,monthly_mixed_frequency_kalman_em,2024:Q3,0.03147437604285268,0.03147437604285268
exact,pre_advance,A,ar,monthly_mixed_frequency_kalman_em,2024:Q4,-0.18454196622050775,-0.1530675901776551
exact,pre_advance,A,ar,no_revision,2024:Q3,-0.06291573213851451,-0.06291573213851451
exact,pre_advance,A,ar,no_revision,2024:Q4,0.026146771737672124,-0.03676896040084238
exact,pre_advance,A,ar,release_dfm,2024:Q3,-0.8060037928736986,-0.8060037928736986
exact,pre_advance,A,ar,release_dfm,2024:Q4,0.033129491051418665,-0.7728743018222799
exact,pre_advance,A,ar,revision_dfm_kalman_em,2024:Q3,-0.03946803371265248,-0.03946803371265248
exact,pre_advance,A,ar,revision_dfm_kalman_em,2024:Q4,-0.0598715753394079,-0.09933960905206038
exact,pre_advance,A,ar,spf,2024:Q3,-0.8072172383919204,-0.8072172383919204
exact,pre_advance,A,ar,spf,2024:Q4,-0.05692555044772479,-0.8641427888396451
exact,pre_advance,A,ar,standard_dfm,2024:Q3,-0.8060037928736986,-0.8060037928736986
exact,pre_advance,A,ar,standard_dfm,2024:Q4,0.033129491051418665,-0.7728743018222799
exact,pre_advance,A,no_revision,ar,2024:Q3,0.06291573213851451,0.06291573213851451
exact,pre_advance,A,no_revision,ar,2024:Q4,-0.026146771737672124,0.03676896040084238
exact,pre_advance,A,no_revision,bridge,2024:Q3,-0.007619718001529829,-0.007619718001529829
exact,pre_advance,A,no_revision,bridge,2024:Q4,-0.026589665500670635,-0.034209383502200465
exact,pre_advance,A,no_revision,indicator_revision_only_dfm_kalman_em,2024:Q3,0.035898925630220374,0.035898925630220374
exact,pre_advance,A,no_revision,indicator_revision_only_dfm_kalman_em,2024:Q4,-0.08252965700870735,-0.04663073137848697
exact,pre_advance,A,no_revision,joint_indicator_revision_dfm_full_kalman_em,2024:Q3,-0.060741120572287866,-0.060741120572287866
exact,pre_advance,A,no_revision,joint_indicator_revision_dfm_full_kalman_em,2024:Q4,-0.02719866265845467,-0.08793978323074253
exact,pre_advance,A,no_revision,midas_umidas,2024:Q3,-3.331242699785853,-3.331242699785853
exact,pre_advance,A,no_revision,midas_umidas,2024:Q4,0.02695805175355525,-3.3042846480322976
exact,pre_advance,A,no_revision,monthly_mixed_frequency_kalman_em,2024:Q3,0.09439010818136719,0.09439010818136719
exact,pre_advance,A,no_revision,monthly_mixed_frequency_kalman_em,2024:Q4,-0.21068873795817988,-0.1162986297768127
exact,pre_advance,A,no_revision,release_dfm,2024:Q3,-0.7430880607351842,-0.7430880607351842
exact,pre_advance,A,no_revision,release_dfm,2024:Q4,0.006982719313746541,-0.7361053414214377
exact,pre_advance,A,no_revision,revision_dfm_kalman_em,2024:Q3,0.02344769842586203,0.02344769842586203
exact,pre_advance,A,no_revision,revision_dfm_kalman_em,2024:Q4,-0.08601834707708003,-0.062570648651218
exact,pre_advance,A,no_revision,spf,2024:Q3,-0.744301506253406,-0.744301506253406
exact,pre_advance,A,no_revision,spf,2024:Q4,-0.08307232218539692,-0.8273738284388029
exact,pre_advance,A,no_revision,standard_dfm,2024:Q3,-0.7430880607351842,-0.7430880607351842
exact,pre_advance,A,no_revision,standard_dfm,2024:Q4,0.006982719313746541,-0.7361053414214377
exact,pre_advance,A,bridge,ar,2024:Q3,0.07053545014004434,0.07053545014004434
exact,pre_advance,A,bridge,ar,2024:Q4,0.00044289376299851135,0.07097834390304285
exact,pre_advance,A,bridge,indicator_revision_only_dfm_kalman_em,2024:Q3,0.0435186436317502,0.0435186436317502
exact,pre_advance,A,bridge,indicator_revision_only_dfm_kalman_em,2024:Q4,-0.055939991508036704,-0.012421347876286501
exact,pre_advance,A,bridge,joint_indicator_revision_dfm_full_kalman_em,2024:Q3,-0.053121402570758036,-0.053121402570758036
exact,pre_advance,A,bridge,joint_indicator_revision_dfm_full_kalman_em,2024:Q4,-0.0006089971577840358,-0.05373039972854207
exact,pre_advance,A,bridge,midas_umidas,2024:Q3,-3.323622981784323,-3.323622981784323
exact,pre_advance,A,bridge,midas_umidas,2024:Q4,0.053547717254225885,-3.2700752645300972
exact,pre_advance,A,bridge,monthly_mixed_frequency_kalman_em,2024:Q3,0.10200982618289701,0.10200982618289701
exact,pre_advance,A,bridge,monthly_mixed_frequency_kalman_em,2024:Q4,-0.18409907245750923,-0.08208924627461221
exact,pre_advance,A,bridge,no_revision,2024:Q3,0.007619718001529829,0.007619718001529829
exact,pre_advance,A,bridge,no_revision,2024:Q4,0.026589665500670635,0.034209383502200465
exact,pre_advance,A,bridge,release_dfm,2024:Q3,-0.7354683427336544,-0.7354683427336544
exact,pre_advance,A,bridge,release_dfm,2024:Q4,0.033572384814417176,-0.7018959579192372
exact,pre_advance,A,bridge,revision_dfm_kalman_em,2024:Q3,0.03106741642739186,0.03106741642739186
exact,pre_advance,A,bridge,revision_dfm_kalman_em,2024:Q4,-0.05942868157640939,-0.02836126514901753
exact,pre_advance,A,bridge,spf,2024:Q3,-0.7366817882518761,-0.7366817882518761
exact,pre_advance,A,bridge,spf,2024:Q4,-0.05648265668472628,-0.7931644449366024
exact,pre_advance,A,bridge,standard_dfm,2024:Q3,-0.7354683427336544,-0.7354683427336544
exact,pre_advance,A,bridge,standard_dfm,2024:Q4,0.033572384814417176,-0.7018959579192372
exact,pre_advance,A,midas_umidas,ar,2024:Q3,3.3941584319243674,3.3941584319243674
exact,pre_advance,A,midas_umidas,ar,2024:Q4,-0.053104823491227374,3.34105360843314
exact,pre_advance,A,midas_umidas,bridge,2024:Q3,3.323622981784323,3.323622981784323
exact,pre_advance,A,midas_umidas,bridge,2024:Q4,-0.053547717254225885,3.2700752645300972
exact,pre_advance,A,midas_umidas,indicator_revision_only_dfm_kalman_em,2024:Q3,3.3671416254160733,3.3671416254160733
exact,pre_advance,A,midas_umidas,indicator_revision_only_dfm_kalman_em,2024:Q4,-0.10948770876226259,3.2576539166538105
exact,pre_advance,A,midas_umidas,joint_indicator_revision_dfm_full_kalman_em,2024:Q3,3.270501579213565,3.270501579213565
exact,pre_advance,A,midas_umidas,joint_indicator_revision_dfm_full_kalman_em,2024:Q4,-0.05415671441200992,3.216344864801555
exact,pre_advance,A,midas_umidas,monthly_mixed_frequency_kalman_em,2024:Q3,3.42563280796722,3.42563280796722
exact,pre_advance,A,midas_umidas,monthly_mixed_frequency_kalman_em,2024:Q4,-0.23764678971173514,3.1879860182554847
exact,pre_advance,A,midas_umidas,no_revision,2024:Q3,3.331242699785853,3.331242699785853
exact,pre_advance,A,midas_umidas,no_revision,2024:Q4,-0.02695805175355525,3.3042846480322976
exact,pre_advance,A,midas_umidas,release_dfm,2024:Q3,2.5881546390506687,2.5881546390506687
exact,pre_advance,A,midas_umidas,release_dfm,2024:Q4,-0.01997533243980871,2.56817930661086
exact,pre_advance,A,midas_umidas,revision_dfm_kalman_em,2024:Q3,3.354690398211715,3.354690398211715
exact,pre_advance,A,midas_umidas,revision_dfm_kalman_em,2024:Q4,-0.11297639883063527,3.2417139993810795
exact,pre_advance,A,midas_umidas,spf,2024:Q3,2.586941193532447,2.586941193532447
exact,pre_advance,A,midas_umidas,spf,2024:Q4,-0.11003037393895217,2.4769108195934946
exact,pre_advance,A,midas_umidas,standard_dfm,2024:Q3,2.5881546390506687,2.5881546390506687
exact,pre_advance,A,midas_umidas,standard_dfm,2024:Q4,-0.01997533243980871,2.56817930661086
exact,pre_advance,A,spf,ar,2024:Q3,0.8072172383919204,0.8072172383919204
exact,pre_advance,A,spf,ar,2024:Q4,0.05692555044772479,0.8641427888396451
exact,pre_advance,A,spf,bridge,2024:Q3,0.7366817882518761,0.7366817882518761
exact,pre_advance,A,spf,bridge,2024:Q4,0.05648265668472628,0.7931644449366024
exact,pre_advance,A,spf,indicator_revision_only_dfm_kalman_em,2024:Q3,0.7802004318836263,0.7802004318836263
exact,pre_advance,A,spf,indicator_revision_only_dfm_kalman_em,2024:Q4,0.0005426651766895774,0.7807430970603159
exact,pre_advance,A,spf,joint_indicator_revision_dfm_full_kalman_em,2024:Q3,0.6835603856811181,0.6835603856811181
exact,pre_advance,A,spf,joint_indicator_revision_dfm_full_kalman_em,2024:Q4,0.055873659526942246,0.7394340452080603
exact,pre_advance,A,spf,midas_umidas,2024:Q3,-2.586941193532447,-2.586941193532447
exact,pre_advance,A,spf,midas_umidas,2024:Q4,0.11003037393895217,-2.4769108195934946
exact,pre_advance,A,spf,monthly_mixed_frequency_kalman_em,2024:Q3,0.8386916144347731,0.8386916144347731
exact,pre_advance,A,spf,monthly_mixed_frequency_kalman_em,2024:Q4,-0.12761641577278296,0.7110751986619902
exact,pre_advance,A,spf,no_revision,2024:Q3,0.744301506253406,0.744301506253406
exact,pre_advance,A,spf,no_revision,2024:Q4,0.08307232218539692,0.8273738284388029
exact,pre_advance,A,spf,release_dfm,2024:Q3,0.0012134455182217785,0.0012134455182217785
exact,pre_advance,A,spf,release_dfm,2024:Q4,0.09005504149914345,0.09126848701736523
exact,pre_advance,A,spf,revision_dfm_kalman_em,2024:Q3,0.767749204679268,0.767749204679268
exact,pre_advance,A,spf,revision_dfm_kalman_em,2024:Q4,-0.0029460248916831078,0.7648031797875849
exact,pre_advance,A,spf,standard_dfm,2024:Q3,0.0012134455182217785,0.0012134455182217785
exact,pre_advance,A,spf,standard_dfm,2024:Q4,0.09005504149914345,0.09126848701736523
exact,pre_advance,A,standard_dfm,ar,2024:Q3,0.8060037928736986,0.8060037928736986
exact,pre_advance,A,standard_dfm,ar,2024:Q4,-0.033129491051418665,0.7728743018222799
exact,pre_advance,A,standard_dfm,bridge,2024:Q3,0.7354683427336544,0.7354683427336544
exact,pre_advance,A,standard_dfm,bridge,2024:Q4,-0.033572384814417176,0.7018959579192372
exact,pre_advance,A,standard_dfm,indicator_revision_only_dfm_kalman_em,2024:Q3,0.7789869863654045,0.7789869863654045
exact,pre_advance,A,standard_dfm,indicator_revision_only_dfm_kalman_em,2024:Q4,-0.08951237632245387,0.6894746100429506
exact,pre_advance,A,standard_dfm,joint_indicator_revision_dfm_full_kalman_em,2024:Q3,0.6823469401628963,0.6823469401628963
exact,pre_advance,A,standard_dfm,joint_indicator_revision_dfm_full_kalman_em,2024:Q4,-0.03418138197220121,0.6481655581906951
exact,pre_advance,A,standard_dfm,midas_umidas,2024:Q3,-2.5881546390506687,-2.5881546390506687
exact,pre_advance,A,standard_dfm,midas_umidas,2024:Q4,0.01997533243980871,-2.56817930661086
exact,pre_advance,A,standard_dfm,monthly_mixed_frequency_kalman_em,2024:Q3,0.8374781689165514,0.8374781689165514
exact,pre_advance,A,standard_dfm,monthly_mixed_frequency_kalman_em,2024:Q4,-0.2176714572719264,0.619806711644625
exact,pre_advance,A,standard_dfm,no_revision,2024:Q3,0.7430880607351842,0.7430880607351842
exact,pre_advance,A,standard_dfm,no_revision,2024:Q4,-0.006982719313746541,0.7361053414214377
exact,pre_advance,A,standard_dfm,release_dfm,2024:Q3,0.0,0.0
exact,pre_advance,A,standard_dfm,release_dfm,2024:Q4,0.0,0.0
exact,pre_advance,A,standard_dfm,revision_dfm_kalman_em,2024:Q3,0.7665357591610462,0.7665357591610462
exact,pre_advance,A,standard_dfm,revision_dfm_kalman_em,2024:Q4,-0.09300106639082656,0.6735346927702197
exact,pre_advance,A,standard_dfm,spf,2024:Q3,-0.0012134455182217785,-0.0012134455182217785
exact,pre_advance,A,standard_dfm,spf,2024:Q4,-0.09005504149914345,-0.09126848701736523
exact,pre_advance,A,release_dfm,ar,2024:Q3,0.8060037928736986,0.8060037928736986
exact,pre_advance,A,release_dfm,ar,2024:Q4,-0.033129491051418665,0.7728743018222799
exact,pre_advance,A,release_dfm,bridge,2024:Q3,0.7354683427336544,0.7354683427336544
exact,pre_advance,A,release_dfm,bridge,2024:Q4,-0.033572384814417176,0.7018959579192372
exact,pre_advance,A,release_dfm,indicator_revision_only_dfm_kalman_em,2024:Q3,0.7789869863654045,0.7789869863654045
exact,pre_advance,A,release_dfm,indicator_revision_only_dfm_kalman_em,2024:Q4,-0.08951237632245387,0.6894746100429506
exact,pre_advance,A,release_dfm,joint_indicator_revision_dfm_full_kalman_em,2024:Q3,0.6823469401628963,0.6823469401628963
exact,pre_advance,A,release_dfm,joint_indicator_revision_dfm_full_kalman_em,2024:Q4,-0.03418138197220121,0.6481655581906951
exact,pre_advance,A,release_dfm,midas_umidas,2024:Q3,-2.5881546390506687,-2.5881546390506687
exact,pre_advance,A,release_dfm,midas_umidas,2024:Q4,0.01997533243980871,-2.56817930661086
exact,pre_advance,A,release_dfm,monthly_mixed_frequency_kalman_em,2024:Q3,0.8374781689165514,0.8374781689165514
exact,pre_advance,A,release_dfm,monthly_mixed_frequency_kalman_em,2024:Q4,-0.2176714572719264,0.619806711644625
exact,pre_advance,A,release_dfm,no_revision,2024:Q3,0.7430880607351842,0.7430880607351842
exact,pre_advance,A,release_dfm,no_revision,2024:Q4,-0.006982719313746541,0.7361053414214377
exact,pre_advance,A,release_dfm,revision_dfm_kalman_em,2024:Q3,0.7665357591610462,0.7665357591610462
exact,pre_advance,A,release_dfm,revision_dfm_kalman_em,2024:Q4,-0.09300106639082656,0.6735346927702197
exact,pre_advance,A,release_dfm,spf,2024:Q3,-0.0012134455182217785,-0.0012134455182217785
exact,pre_advance,A,release_dfm,spf,2024:Q4,-0.09005504149914345,-0.09126848701736523
exact,pre_advance,A,release_dfm,standard_dfm,2024:Q3,0.0,0.0
exact,pre_advance,A,release_dfm,standard_dfm,2024:Q4,0.0,0.0
exact,pre_second,S,ar,bridge,2024:Q3,-0.03479997261905867,-0.03479997261905867
exact,pre_second,S,ar,bridge,2024:Q4,0.055594885804859225,0.020794913185800554
exact,pre_second,S,ar,indicator_revision_only_dfm_kalman_em,2024:Q3,0.01350612931867947,0.01350612931867947
exact,pre_second,S,ar,indicator_revision_only_dfm_kalman_em,2024:Q4,0.046654499002461575,0.060160628321141045
exact,pre_second,S,ar,joint_indicator_revision_dfm_full_kalman_em,2024:Q3,0.023376801165430477,0.023376801165430477
exact,pre_second,S,ar,joint_indicator_revision_dfm_full_kalman_em,2024:Q4,0.03254810335182574,0.055924904517256215
exact,pre_second,S,ar,midas_umidas,2024:Q3,0.007213688221648709,0.007213688221648709
exact,pre_second,S,ar,midas_umidas,2024:Q4,-3.1537763472888245,-3.146562659067176
exact,pre_second,S,ar,monthly_mixed_frequency_kalman_em,2024:Q3,0.022925392404958236,0.022925392404958236
exact,pre_second,S,ar,monthly_mixed_frequency_kalman_em,2024:Q4,0.060659998602077436,0.08358539100703567
exact,pre_second,S,ar,no_revision,2024:Q3,0.05599925683028013,0.05599925683028013
exact,pre_second,S,ar,no_revision,2024:Q4,0.051938970479201964,0.10793822730948209
exact,pre_second,S,ar,release_dfm,2024:Q3,0.043297622040026705,0.043297622040026705
exact,pre_second,S,ar,release_dfm,2024:Q4,0.06051785573169182,0.10381547777171853
exact,pre_second,S,ar,revision_dfm_kalman_em,2024:Q3,0.04424149073529548,0.04424149073529548
exact,pre_second,S,ar,revision_dfm_kalman_em,2024:Q4,0.032302448313869504,0.07654393904916498
exact,pre_second,S,ar,spf,2024:Q3,-0.8720628631697199,-0.8720628631697199
exact,pre_second,S,ar,spf,2024:Q4,-0.13354845952079786,-1.005611322690518
exact,pre_second,S,ar,standard_dfm,2024:Q3,-0.36013166252233897,-0.36013166252233897
exact,pre_second,S,ar,standard_dfm,2024:Q4,0.05965908929948833,-0.30047257322285065
exact,pre_second,S,no_revision,ar,2024:Q3,-0.05599925683028013,-0.05599925683028013
exact,pre_second,S,no_revision,ar,2024:Q4,-0.051938970479201964,-0.10793822730948209
exact,pre_second,S,no_revision,bridge,2024:Q3,-0.0907992294493388,-0.0907992294493388
exact,pre_second,S,no_revision,bridge,2024:Q4,0.0036559153256572573,-0.08714331412368154
exact,pre_second,S,no_revision,indicator_revision_only_dfm_kalman_em,2024:Q3,-0.042493127511600656,-0.042493127511600656
exact,pre_second,S,no_revision,indicator_revision_only_dfm_kalman_em,2024:Q4,-0.005284471476740389,-0.047777598988341045
exact,pre_second,S,no_revision,joint_indicator_revision_dfm_full_kalman_em,2024:Q3,-0.03262245566484965,-0.03262245566484965
exact,pre_second,S,no_revision,joint_indicator_revision_dfm_full_kalman_em,2024:Q4,-0.019390867127376227,-0.052013322792225876
exact,pre_second,S,no_revision,midas_umidas,2024:Q3,-0.04878556860863142,-0.04878556860863142
exact,pre_second,S,no_revision,midas_umidas,2024:Q4,-3.205715317768026,-3.2545008863766576
exact,pre_second,S,no_revision,monthly_mixed_frequency_kalman_em,2024:Q3,-0.03307386442532189,-0.03307386442532189
exact,pre_second,S,no_revision,monthly_mixed_frequency_kalman_em,2024:Q4,0.008721028122875469,-0.02435283630244642
exact,pre_second,S,no_revision,release_dfm,2024:Q3,-0.012701634790253422,-0.012701634790253422
exact,pre_second,S,no_revision,release_dfm,2024:Q4,0.008578885252489853,-0.004122749537763568
exact,pre_second,S,no_revision,revision_dfm_kalman_em,2024:Q3,-0.011757766094984648,-0.011757766094984648
exact,pre_second,S,no_revision,revision_dfm_kalman_em,2024:Q4,-0.01963652216533246,-0.03139428826031711
exact,pre_second,S,no_revision,spf,2024:Q3,-0.9280621200000001,-0.9280621200000001
exact,pre_second,S,no_revision,spf,2024:Q4,-0.18548742999999981,-1.1135495499999999
exact,pre_second,S,no_revision,standard_dfm,2024:Q3,-0.4161309193526191,-0.4161309193526191
exact,pre_second,S,no_revision,standard_dfm,2024:Q4,0.007720118820286364,-0.40841080053233275
exact,pre_second,S,bridge,ar,2024:Q3,0.03479997261905867,0.03479997261905867
exact,pre_second,S,bridge,ar,2024:Q4,-0.055594885804859225,-0.020794913185800554
exact,pre_second,S,bridge,indicator_revision_only_dfm_kalman_em,2024:Q3,0.04830610193773814,0.04830610193773814
exact,pre_second,S,bridge,indicator_revision_only_dfm_kalman_em,2024:Q4,-0.008940386802397646,0.0393657151353405
exact,pre_second,S,bridge,joint_indicator_revision_dfm_full_kalman_em,2024:Q3,0.05817677378448915,0.05817677378448915
exact,pre_second,S,bridge,joint_indicator_revision_dfm_full_kalman_em,2024:Q4,-0.023046782453033487,0.03512999133145566
exact,pre_second,S,bridge,midas_umidas,2024:Q3,0.04201366084070738,0.04201366084070738
exact,pre_second,S,bridge,midas_umidas,2024:Q4,-3.2093712330936834,-3.167357572252976
exact,pre_second,S,bridge,monthly_mixed_frequency_kalman_em,2024:Q3,0.05772536502401691,0.05772536502401691
exact,pre_second,S,bridge,monthly_mixed_frequency_kalman_em,2024:Q4,0.005065112797218212,0.06279047782123512
exact,pre_second,S,bridge,no_revision,2024:Q3,0.0907992294493388,0.0907992294493388
exact,pre_second,S,bridge,no_revision,2024:Q4,-0.0036559153256572573,0.08714331412368154
exact,pre_second,S,bridge,release_dfm,2024:Q3,0.07809759465908538,0.07809759465908538
exact,pre_second,S,bridge,release_dfm,2024:Q4,0.004922969926832596,0.08302056458591797
exact,pre_second,S,bridge,revision_dfm_kalman_em,2024:Q3,0.07904146335435415,0.07904146335435415
exact,pre_second,S,bridge,revision_dfm_kalman_em,2024:Q4,-0.02329243749098972,0.05574902586336443
exact,pre_second,S,bridge,spf,2024:Q3,-0.8372628905506613,-0.8372628905506613
exact,pre_second,S,bridge,spf,2024:Q4,-0.18914334532565708,-1.0264062358763184
exact,pre_second,S,bridge,standard_dfm,2024:Q3,-0.32533168990328026,-0.32533168990328026
exact,pre_second,S,bridge,standard_dfm,2024:Q4,0.0040642034946291065,-0.32126748640865116
exact,pre_second,S,midas_umidas,ar,2024:Q3,-0.007213688221648709,-0.007213688221648709
exact,pre_second,S,midas_umidas,ar,2024:Q4,3.1537763472888245,3.146562659067176
exact,pre_second,S,midas_umidas,bridge,2024:Q3,-0.04201366084070738,-0.04201366084070738
exact,pre_second,S,midas_umidas,bridge,2024:Q4,3.2093712330936834,3.167357572252976
exact,pre_second,S,midas_umidas,indicator_revision_only_dfm_kalman_em,2024:Q3,0.006292441097030761,0.006292441097030761
exact,pre_second,S,midas_umidas,indicator_revision_only_dfm_kalman_em,2024:Q4,3.200430846291286,3.2067232873883165
exact,pre_second,S,midas_umidas,joint_indicator_revision_dfm_full_kalman_em,2024:Q3,0.01616311294378177,0.01616311294378177
exact,pre_second,S,midas_umidas,joint_indicator_revision_dfm_full_kalman_em,2024:Q4,3.18632445064065,3.2024875635844317
exact,pre_second,S,midas_umidas,monthly_mixed_frequency_kalman_em,2024:Q3,0.015711704183309527,0.015711704183309527
exact,pre_second,S,midas_umidas,monthly_mixed_frequency_kalman_em,2024:Q4,3.2144363458909018,3.2301480500742112
exact,pre_second,S,midas_umidas,no_revision,2024:Q3,0.04878556860863142,0.04878556860863142
exact,pre_second,S,midas_umidas,no_revision,2024:Q4,3.205715317768026,3.2545008863766576
exact,pre_second,S,midas_umidas,release_dfm,2024:Q3,0.036083933818377996,0.036083933818377996
exact,pre_second,S,midas_umidas,release_dfm,2024:Q4,3.214294203020516,3.250378136838894
exact,pre_second,S,midas_umidas,revision_dfm_kalman_em,2024:Q3,0.03702780251364677,0.03702780251364677
exact,pre_second,S,midas_umidas,revision_dfm_kalman_em,2024:Q4,3.1860787956026937,3.2231065981163405
exact,pre_second,S,midas_umidas,spf,2024:Q3,-0.8792765513913686,-0.8792765513913686
exact,pre_second,S,midas_umidas,spf,2024:Q4,3.0202278877680264,2.140951336376658
exact,pre_second,S,midas_umidas,standard_dfm,2024:Q3,-0.36734535074398766,-0.36734535074398766
exact,pre_second,S,midas_umidas,standard_dfm,2024:Q4,3.2134354365883127,2.8460900858443248
exact,pre_second,S,spf,ar,2024:Q3,0.8720628631697199,0.8720628631697199
exact,pre_second,S,spf,ar,2024:Q4,0.13354845952079786,1.005611322690518
exact,pre_second,S,spf,bridge,2024:Q3,0.8372628905506613,0.8372628905506613
exact,pre_second,S,spf,bridge,2024:Q4,0.18914334532565708,1.0264062358763184
exact,pre_second,S,spf,indicator_revision_only_dfm_kalman_em,2024:Q3,0.8855689924883994,0.8855689924883994
exact,pre_second,S,spf,indicator_revision_only_dfm_kalman_em,2024:Q4,0.18020295852325943,1.0657719510116588
exact,pre_second,S,spf,joint_indicator_revision_dfm_full_kalman_em,2024:Q3,0.8954396643351504,0.8954396643351504
exact,pre_second,S,spf,joint_indicator_revision_dfm_full_kalman_em,2024:Q4,0.1660965628726236,1.061536227207774
exact,pre_second,S,spf,midas_umidas,2024:Q3,0.8792765513913686,0.8792765513913686
exact,pre_second,S,spf,midas_umidas,2024:Q4,-3.0202278877680264,-2.140951336376658
exact,pre_second,S,spf,monthly_mixed_frequency_kalman_em,2024:Q3,0.8949882555746782,0.8949882555746782
exact,pre_second,S,spf,monthly_mixed_frequency_kalman_em,2024:Q4,0.1942084581228753,1.0891967136975536
exact,pre_second,S,spf,no_revision,2024:Q3,0.9280621200000001,0.9280621200000001
exact,pre_second,S,spf,no_revision,2024:Q4,0.18548742999999981,1.1135495499999999
exact,pre_second,S,spf,release_dfm,2024:Q3,0.9153604852097467,0.9153604852097467
exact,pre_second,S,spf,release_dfm,2024:Q4,0.19406631525248966,1.1094268004622363
exact,pre_second,S,spf,revision_dfm_kalman_em,2024:Q3,0.9163043539050154,0.9163043539050154
exact,pre_second,S,spf,revision_dfm_kalman_em,2024:Q4,0.16585090783466735,1.0821552617396828
exact,pre_second,S,spf,standard_dfm,2024:Q3,0.5119312006473811,0.5119312006473811
exact,pre_second,S,spf,standard_dfm,2024:Q4,0.19320754882028618,0.7051387494676673
exact,pre_second,S,standard_dfm,ar,2024:Q3,0.36013166252233897,0.36013166252233897
exact,pre_second,S,standard_dfm,ar,2024:Q4,-0.05965908929948833,0.30047257322285065
exact,pre_second,S,standard_dfm,bridge,2024:Q3,0.32533168990328026,0.32533168990328026
exact,pre_second,S,standard_dfm,bridge,2024:Q4,-0.0040642034946291065,0.32126748640865116
exact,pre_second,S,standard_dfm,indicator_revision_only_dfm_kalman_em,2024:Q3,0.3736377918410184,0.3736377918410184
exact,pre_second,S,standard_dfm,indicator_revision_only_dfm_kalman_em,2024:Q4,-0.013004590297026754,0.36063320154399164
exact,pre_second,S,standard_dfm,joint_indicator_revision_dfm_full_kalman_em,2024:Q3,0.3835084636877694,0.3835084636877694
exact,pre_second,S,standard_dfm,joint_indicator_revision_dfm_full_kalman_em,2024:Q4,-0.02711098594766259,0.3563974777401068
exact,pre_second,S,standard_dfm,midas_umidas,2024:Q3,0.36734535074398766,0.36734535074398766
exact,pre_second,S,standard_dfm,midas_umidas,2024:Q4,-3.2134354365883127,-2.8460900858443248
exact,pre_second,S,standard_dfm,monthly_mixed_frequency_kalman_em,2024:Q3,0.3830570549272972,0.3830570549272972
exact,pre_second,S,standard_dfm,monthly_mixed_frequency_kalman_em,2024:Q4,0.001000909302589105,0.3840579642298863
exact,pre_second,S,standard_dfm,no_revision,2024:Q3,0.4161309193526191,0.4161309193526191
exact,pre_second,S,standard_dfm,no_revision,2024:Q4,-0.007720118820286364,0.40841080053233275
exact,pre_second,S,standard_dfm,release_dfm,2024:Q3,0.40342928456236565,0.40342928456236565
exact,pre_second,S,standard_dfm,release_dfm,2024:Q4,0.0008587664322034896,0.40428805099456916
exact,pre_second,S,standard_dfm,revision_dfm_kalman_em,2024:Q3,0.40437315325763445,0.40437315325763445
exact,pre_second,S,standard_dfm,revision_dfm_kalman_em,2024:Q4,-0.027356640985618824,0.3770165122720156
exact,pre_second,S,standard_dfm,spf,2024:Q3,-0.5119312006473811,-0.5119312006473811
exact,pre_second,S,standard_dfm,spf,2024:Q4,-0.19320754882028618,-0.7051387494676673
exact,pre_second,S,release_dfm,ar,2024:Q3,-0.043297622040026705,-0.043297622040026705
exact,pre_second,S,release_dfm,ar,2024:Q4,-0.06051785573169182,-0.10381547777171853
exact,pre_second,S,release_dfm,bridge,2024:Q3,-0.07809759465908538,-0.07809759465908538
exact,pre_second,S,release_dfm,bridge,2024:Q4,-0.004922969926832596,-0.08302056458591797
exact,pre_second,S,release_dfm,indicator_revision_only_dfm_kalman_em,2024:Q3,-0.029791492721347235,-0.029791492721347235
exact,pre_second,S,release_dfm,indicator_revision_only_dfm_kalman_em,2024:Q4,-0.013863356729230242,-0.043654849450577474
exact,pre_second,S,release_dfm,joint_indicator_revision_dfm_full_kalman_em,2024:Q3,-0.019920820874596228,-0.019920820874596228
exact,pre_second,S,release_dfm,joint_indicator_revision_dfm_full_kalman_em,2024:Q4,-0.027969752379866084,-0.04789057325446231
exact,pre_second,S,release_dfm,midas_umidas,2024:Q3,-0.036083933818377996,-0.036083933818377996
exact,pre_second,S,release_dfm,midas_umidas,2024:Q4,-3.214294203020516,-3.250378136838894
exact,pre_second,S,release_dfm,monthly_mixed_frequency_kalman_em,2024:Q3,-0.02037222963506847,-0.02037222963506847
exact,pre_second,S,release_dfm,monthly_mixed_frequency_kalman_em,2024:Q4,0.00014214287038561536,-0.020230086764682853
exact,pre_second,S,release_dfm,no_revision,2024:Q3,0.012701634790253422,0.012701634790253422
exact,pre_second,S,release_dfm,no_revision,2024:Q4,-0.008578885252489853,0.004122749537763568
exact,pre_second,S,release_dfm,revision_dfm_kalman_em,2024:Q3,0.0009438686952687736,0.0009438686952687736
exact,pre_second,S,release_dfm,revision_dfm_kalman_em,2024:Q4,-0.028215407417822316,-0.027271538722553543
exact,pre_second,S,release_dfm,spf,2024:Q3,-0.9153604852097467,-0.9153604852097467
exact,pre_second,S,release_dfm,spf,2024:Q4,-0.19406631525248966,-1.1094268004622363
exact,pre_second,S,release_dfm,standard_dfm,2024:Q3,-0.40342928456236565,-0.40342928456236565
exact,pre_second,S,release_dfm,standard_dfm,2024:Q4,-0.0008587664322034896,-0.40428805099456916
exact,pre_third,T,ar,bridge,2024:Q3,-0.3311676389905206,-0.3311676389905206
exact,pre_third,T,ar,bridge,2024:Q4,0.04711271131803244,-0.28405492767248813
exact,pre_third,T,ar,indicator_revision_only_dfm_kalman_em,2024:Q3,0.011642049448778113,0.011642049448778113
exact,pre_third,T,ar,indicator_revision_only_dfm_kalman_em,2024:Q4,0.04905378659155913,0.060695836040337243
exact,pre_third,T,ar,joint_indicator_revision_dfm_full_kalman_em,2024:Q3,0.027538469579585306,0.027538469579585306
exact,pre_third,T,ar,joint_indicator_revision_dfm_full_kalman_em,2024:Q4,0.048620166035518386,0.07615863561510369
exact,pre_third,T,ar,midas_umidas,2024:Q3,-0.07207626284077517,-0.07207626284077517
exact,pre_third,T,ar,midas_umidas,2024:Q4,-2.0664133645845233,-2.1384896274252982
exact,pre_third,T,ar,monthly_mixed_frequency_kalman_em,2024:Q3,0.0075010237875342,0.0075010237875342
exact,pre_third,T,ar,monthly_mixed_frequency_kalman_em,2024:Q4,0.03558105616255247,0.04308207995008667
exact,pre_third,T,ar,no_revision,2024:Q3,0.10893601961242862,0.10893601961242862
exact,pre_third,T,ar,no_revision,2024:Q4,0.038262134918035304,0.14719815453046392
exact,pre_third,T,ar,release_dfm,2024:Q3,0.14532292519050122,0.14532292519050122
exact,pre_third,T,ar,release_dfm,2024:Q4,0.047894524837390325,0.19321745002789154
exact,pre_third,T,ar,revision_dfm_kalman_em,2024:Q3,0.05023608112782714,0.05023608112782714
exact,pre_third,T,ar,revision_dfm_kalman_em,2024:Q4,0.04428110671926991,0.09451718784709705
exact,pre_third,T,ar,spf,2024:Q3,-1.2804794603875718,-1.2804794603875718
exact,pre_third,T,ar,spf,2024:Q4,-0.2480815450819646,-1.5285610054695364
exact,pre_third,T,ar,standard_dfm,2024:Q3,-0.7111048453909489,-0.7111048453909489
exact,pre_third,T,ar,standard_dfm,2024:Q4,0.04779092928529234,-0.6633139161056565
exact,pre_third,T,no_revision,ar,2024:Q3,-0.10893601961242862,-0.10893601961242862
exact,pre_third,T,no_revision,ar,2024:Q4,-0.038262134918035304,-0.14719815453046392
exact,pre_third,T,no_revision,bridge,2024:Q3,-0.44010365860294925,-0.44010365860294925
exact,pre_third,T,no_revision,bridge,2024:Q4,0.008850576399997137,-0.4312530822029521
exact,pre_third,T,no_revision,indicator_revision_only_dfm_kalman_em,2024:Q3,-0.0972939701636505,-0.0972939701636505
exact,pre_third,T,no_revision,indicator_revision_only_dfm_kalman_em,2024:Q4,0.010791651673523825,-0.08650231849012668
exact,pre_third,T,no_revision,joint_indicator_revision_dfm_full_kalman_em,2024:Q3,-0.08139755003284331,-0.08139755003284331
exact,pre_third,T,no_revision,joint_indicator_revision_dfm_full_kalman_em,2024:Q4,0.010358031117483082,-0.07103951891536023
exact,pre_third,T,no_revision,midas_umidas,2024:Q3,-0.18101228245320378,-0.18101228245320378
exact,pre_third,T,no_revision,midas_umidas,2024:Q4,-2.1046754995025587,-2.2856877819557626
exact,pre_third,T,no_revision,monthly_mixed_frequency_kalman_em,2024:Q3,-0.10143499582489442,-0.10143499582489442
exact,pre_third,T,no_revision,monthly_mixed_frequency_kalman_em,2024:Q4,-0.0026810787554828307,-0.10411607458037725
exact,pre_third,T,no_revision,release_dfm,2024:Q3,0.03638690557807259,0.03638690557807259
exact,pre_third,T,no_revision,release_dfm,2024:Q4,0.009632389919355016,0.0460192954974276
exact,pre_third,T,no_revision,revision_dfm_kalman_em,2024:Q3,-0.05869993848460148,-0.05869993848460148
exact,pre_third,T,no_revision,revision_dfm_kalman_em,2024:Q4,0.006018971801234602,-0.05268096668336687
exact,pre_third,T,no_revision,spf,2024:Q3,-1.3894154800000005,-1.3894154800000005
exact,pre_third,T,no_revision,spf,2024:Q4,-0.2863436799999999,-1.6757591600000004
exact,pre_third,T,no_revision,standard_dfm,2024:Q3,-0.8200408650033775,-0.8200408650033775
exact,pre_third,T,no_revision,standard_dfm,2024:Q4,0.00952879436725704,-0.8105120706361204
exact,pre_third,T,bridge,ar,2024:Q3,0.3311676389905206,0.3311676389905206
exact,pre_third,T,bridge,ar,2024:Q4,-0.04711271131803244,0.28405492767248813
exact,pre_third,T,bridge,indicator_revision_only_dfm_kalman_em,2024:Q3,0.3428096884392987,0.3428096884392987
exact,pre_third,T,bridge,indicator_revision_only_dfm_kalman_em,2024:Q4,0.0019410752735266883,0.3447507637128254
exact,pre_third,T,bridge,joint_indicator_revision_dfm_full_kalman_em,2024:Q3,0.35870610857010593,0.35870610857010593
exact,pre_third,T,bridge,joint_indicator_revision_dfm_full_kalman_em,2024:Q4,0.0015074547174859468,0.36021356328759185
exact,pre_third,T,bridge,midas_umidas,2024:Q3,0.2590913761497454,0.2590913761497454
exact,pre_third,T,bridge,midas_umidas,2024:Q4,-2.1135260759025556,-1.8544346997528103
exact,pre_third,T,bridge,monthly_mixed_frequency_kalman_em,2024:Q3,0.33866866277805485,0.33866866277805485
exact,pre_third,T,bridge,monthly_mixed_frequency_kalman_em,2024:Q4,-0.011531655155479967,0.32713700762257486
exact,pre_third,T,bridge,no_revision,2024:Q3,0.44010365860294925,0.44010365860294925
exact,pre_third,T,bridge,no_revision,2024:Q4,-0.008850576399997137,0.4312530822029521
exact,pre_third,T,bridge,release_dfm,2024:Q3,0.4764905641810218,0.4764905641810218
exact,pre_third,T,bridge,release_dfm,2024:Q4,0.0007818135193578795,0.47727237770037967
exact,pre_third,T,bridge,revision_dfm_kalman_em,2024:Q3,0.3814037201183478,0.3814037201183478
exact,pre_third,T,bridge,revision_dfm_kalman_em,2024:Q4,-0.0028316045987625345,0.37857211551958525
exact,pre_third,T,bridge,spf,2024:Q3,-0.9493118213970512,-0.9493118213970512
exact,pre_third,T,bridge,spf,2024:Q4,-0.295194256399997,-1.2445060777970482
exact,pre_third,T,bridge,standard_dfm,2024:Q3,-0.3799372064004283,-0.3799372064004283
exact,pre_third,T,bridge,standard_dfm,2024:Q4,0.0006782179672599029,-0.37925898843316835
exact,pre_third,T,midas_umidas,ar,2024:Q3,0.07207626284077517,0.07207626284077517
exact,pre_third,T,midas_umidas,ar,2024:Q4,2.0664133645845233,2.1384896274252982
exact,pre_third,T,midas_umidas,bridge,2024:Q3,-0.2590913761497454,-0.2590913761497454
exact,pre_third,T,midas_umidas,bridge,2024:Q4,2.1135260759025556,1.8544346997528103
exact,pre_third,T,midas_umidas,indicator_revision_only_dfm_kalman_em,2024:Q3,0.08371831228955329,0.08371831228955329
exact,pre_third,T,midas_umidas,indicator_revision_only_dfm_kalman_em,2024:Q4,2.1154671511760825,2.1991854634656356
exact,pre_third,T,midas_umidas,joint_indicator_revision_dfm_full_kalman_em,2024:Q3,0.09961473242036048,0.09961473242036048
exact,pre_third,T,midas_umidas,joint_indicator_revision_dfm_full_kalman_em,2024:Q4,2.1150335306200416,2.2146482630404023
exact,pre_third,T,midas_umidas,monthly_mixed_frequency_kalman_em,2024:Q3,0.07957728662830937,0.07957728662830937
exact,pre_third,T,midas_umidas,monthly_mixed_frequency_kalman_em,2024:Q4,2.1019944207470758,2.1815717073753853
exact,pre_third,T,midas_umidas,no_revision,2024:Q3,0.18101228245320378,0.18101228245320378
exact,pre_third,T,midas_umidas,no_revision,2024:Q4,2.1046754995025587,2.2856877819557626
exact,pre_third,T,midas_umidas,release_dfm,2024:Q3,0.2173991880312764,0.2173991880312764
exact,pre_third,T,midas_umidas,release_dfm,2024:Q4,2.1143078894219136,2.33170707745319
exact,pre_third,T,midas_umidas,revision_dfm_kalman_em,2024:Q3,0.12231234396860231,0.12231234396860231
exact,pre_third,T,midas_umidas,revision_dfm_kalman_em,2024:Q4,2.110694471303793,2.2330068152723954
exact,pre_third,T,midas_umidas,spf,2024:Q3,-1.2084031975467966,-1.2084031975467966
exact,pre_third,T,midas_umidas,spf,2024:Q4,1.8183318195025586,0.609928621955762
exact,pre_third,T,midas_umidas,standard_dfm,2024:Q3,-0.6390285825501737,-0.6390285825501737
exact,pre_third,T,midas_umidas,standard_dfm,2024:Q4,2.1142042938698156,1.475175711319642
exact,pre_third,T,spf,ar,2024:Q3,1.2804794603875718,1.2804794603875718
exact,pre_third,T,spf,ar,2024:Q4,0.2480815450819646,1.5285610054695364
exact,pre_third,T,spf,bridge,2024:Q3,0.9493118213970512,0.9493118213970512
exact,pre_third,T,spf,bridge,2024:Q4,0.295194256399997,1.2445060777970482
exact,pre_third,T,spf,indicator_revision_only_dfm_kalman_em,2024:Q3,1.2921215098363499,1.2921215098363499
exact,pre_third,T,spf,indicator_revision_only_dfm_kalman_em,2024:Q4,0.29713533167352374,1.5892568415098736
exact,pre_third,T,spf,joint_indicator_revision_dfm_full_kalman_em,2024:Q3,1.308017929967157,1.308017929967157
exact,pre_third,T,spf,joint_indicator_revision_dfm_full_kalman_em,2024:Q4,0.296701711117483,1.60471964108464
exact,pre_third,T,spf,midas_umidas,2024:Q3,1.2084031975467966,1.2084031975467966
exact,pre_third,T,spf,midas_umidas,2024:Q4,-1.8183318195025586,-0.609928621955762
exact,pre_third,T,spf,monthly_mixed_frequency_kalman_em,2024:Q3,1.287980484175106,1.287980484175106
exact,pre_third,T,spf,monthly_mixed_frequency_kalman_em,2024:Q4,0.2836626012445171,1.571643085419623
exact,pre_third,T,spf,no_revision,2024:Q3,1.3894154800000005,1.3894154800000005
exact,pre_third,T,spf,no_revision,2024:Q4,0.2863436799999999,1.6757591600000004
exact,pre_third,T,spf,release_dfm,2024:Q3,1.425802385578073,1.425802385578073
exact,pre_third,T,spf,release_dfm,2024:Q4,0.29597606991935493,1.721778455497428
exact,pre_third,T,spf,revision_dfm_kalman_em,2024:Q3,1.3307155415153988,1.3307155415153988
exact,pre_third,T,spf,revision_dfm_kalman_em,2024:Q4,0.2923626518012345,1.6230781933166334
exact,pre_third,T,spf,standard_dfm,2024:Q3,0.5693746149966229,0.5693746149966229
exact,pre_third,T,spf,standard_dfm,2024:Q4,0.29587247436725694,0.8652470893638798
exact,pre_third,T,standard_dfm,ar,2024:Q3,0.7111048453909489,0.7111048453909489
exact,pre_third,T,standard_dfm,ar,2024:Q4,-0.04779092928529234,0.6633139161056565
exact,pre_third,T,standard_dfm,bridge,2024:Q3,0.3799372064004283,0.3799372064004283
exact,pre_third,T,standard_dfm,bridge,2024:Q4,-0.0006782179672599029,0.37925898843316835
exact,pre_third,T,standard_dfm,indicator_revision_only_dfm_kalman_em,2024:Q3,0.722746894839727,0.722746894839727
exact,pre_third,T,standard_dfm,indicator_revision_only_dfm_kalman_em,2024:Q4,0.0012628573062667854,0.7240097521459937
exact,pre_third,T,standard_dfm,joint_indicator_revision_dfm_full_kalman_em,2024:Q3,0.7386433149705343,0.7386433149705343
exact,pre_third,T,standard_dfm,joint_indicator_revision_dfm_full_kalman_em,2024:Q4,0.000829236750226044,0.7394725517207603
exact,pre_third,T,standard_dfm,midas_umidas,2024:Q3,0.6390285825501737,0.6390285825501737
exact,pre_third,T,standard_dfm,midas_umidas,2024:Q4,-2.1142042938698156,-1.475175711319642
exact,pre_third,T,standard_dfm,monthly_mixed_frequency_kalman_em,2024:Q3,0.7186058691784831,0.7186058691784831
exact,pre_third,T,standard_dfm,monthly_mixed_frequency_kalman_em,2024:Q4,-0.01220987312273987,0.7063959960557432
exact,pre_third,T,standard_dfm,no_revision,2024:Q3,0.8200408650033775,0.8200408650033775
exact,pre_third,T,standard_dfm,no_revision,2024:Q4,-0.00952879436725704,0.8105120706361204
exact,pre_third,T,standard_dfm,release_dfm,2024:Q3,0.8564277705814501,0.8564277705814501
exact,pre_third,T,standard_dfm,release_dfm,2024:Q4,0.00010359555209797666,0.8565313661335481
exact,pre_third,T,standard_dfm,revision_dfm_kalman_em,2024:Q3,0.761340926518776,0.761340926518776
exact,pre_third,T,standard_dfm,revision_dfm_kalman_em,2024:Q4,-0.0035098225660224374,0.7578311039527537
exact,pre_third,T,standard_dfm,spf,2024:Q3,-0.5693746149966229,-0.5693746149966229
exact,pre_third,T,standard_dfm,spf,2024:Q4,-0.29587247436725694,-0.8652470893638798
exact,pre_third,T,release_dfm,ar,2024:Q3,-0.14532292519050122,-0.14532292519050122
exact,pre_third,T,release_dfm,ar,2024:Q4,-0.047894524837390325,-0.19321745002789154
exact,pre_third,T,release_dfm,bridge,2024:Q3,-0.4764905641810218,-0.4764905641810218
exact,pre_third,T,release_dfm,bridge,2024:Q4,-0.0007818135193578795,-0.47727237770037967
exact,pre_third,T,release_dfm,indicator_revision_only_dfm_kalman_em,2024:Q3,-0.1336808757417231,-0.1336808757417231
exact,pre_third,T,release_dfm,indicator_revision_only_dfm_kalman_em,2024:Q4,0.0011592617541688088,-0.1325216139875543
exact,pre_third,T,release_dfm,joint_indicator_revision_dfm_full_kalman_em,2024:Q3,-0.1177844556109159,-0.1177844556109159
exact,pre_third,T,release_dfm,joint_indicator_revision_dfm_full_kalman_em,2024:Q4,0.0007256411981280673,-0.11705881441278783
exact,pre_third,T,release_dfm,midas_umidas,2024:Q3,-0.2173991880312764,-0.2173991880312764
exact,pre_third,T,release_dfm,midas_umidas,2024:Q4,-2.1143078894219136,-2.33170707745319
exact,pre_third,T,release_dfm,monthly_mixed_frequency_kalman_em,2024:Q3,-0.13782190140296702,-0.13782190140296702
exact,pre_third,T,release_dfm,monthly_mixed_frequency_kalman_em,2024:Q4,-0.012313468674837846,-0.15013537007780486
exact,pre_third,T,release_dfm,no_revision,2024:Q3,-0.03638690557807259,-0.03638690557807259
exact,pre_third,T,release_dfm,no_revision,2024:Q4,-0.009632389919355016,-0.0460192954974276
exact,pre_third,T,release_dfm,revision_dfm_kalman_em,2024:Q3,-0.09508684406267406,-0.09508684406267406
exact,pre_third,T,release_dfm,revision_dfm_kalman_em,2024:Q4,-0.003613418118120414,-0.09870026218079447
exact,pre_third,T,release_dfm,spf,2024:Q3,-1.425802385578073,-1.425802385578073
exact,pre_third,T,release_dfm,spf,2024:Q4,-0.29597606991935493,-1.721778455497428
exact,pre_third,T,release_dfm,standard_dfm,2024:Q3,-0.8564277705814501,-0.8564277705814501
exact,pre_third,T,release_dfm,standard_dfm,2024:Q4,-0.00010359555209797666,-0.8565313661335481
pseudo,pre_advance,A,ar,bridge,2024:Q3,-0.048988688159601446,-0.048988688159601446
pseudo,pre_advance,A,ar,bridge,2024:Q4,-0.04518876846282488,-0.09417745662242633
pseudo,pre_advance,A,ar,indicator_revision_only_dfm_kalman_em,2024:Q3,-0.018770295027751627,-0.018770295027751627
pseudo,pre_advance,A,ar,indicator_revision_only_dfm_kalman_em,2024:Q4,-0.05997472155976877,-0.0787450165875204
pseudo,pre_advance,A,ar,joint_indicator_revision_dfm_full_kalman_em,2024:Q3,-0.1099356593428085,-0.1099356593428085
pseudo,pre_advance,A,ar,joint_indicator_revision_dfm_full_kalman_em,2024:Q4,-0.004421708577809186,-0.11435736792061768
pseudo,pre_advance,A,ar,midas_umidas,2024:Q3,-3.637404849727072,-3.637404849727072
pseudo,pre_advance,A,ar,midas_umidas,2024:Q4,0.04694255449680947,-3.5904622952302625
pseudo,pre_advance,A,ar,monthly_mixed_frequency_kalman_em,2024:Q3,0.029796711672908927,0.029796711672908927
pseudo,pre_advance,A,ar,monthly_mixed_frequency_kalman_em,2024:Q4,-0.17894484686197498,-0.14914813518906606
pseudo,pre_advance,A,ar,no_revision,2024:Q3,-0.06291573213851451,-0.06291573213851451
pseudo,pre_advance,A,ar,no_revision,2024:Q4,0.026146771737672124,-0.03676896040084238
pseudo,pre_advance,A,ar,release_dfm,2024:Q3,-0.7857647714127651,-0.7857647714127651
pseudo,pre_advance,A,ar,release_dfm,2024:Q4,0.04294151850460684,-0.7428232529081583
pseudo,pre_advance,A,ar,revision_dfm_kalman_em,2024:Q3,-0.0374379781917058,-0.0374379781917058
pseudo,pre_advance,A,ar,revision_dfm_kalman_em,2024:Q4,-0.06542721441356822,-0.10286519260527402
pseudo,pre_advance,A,ar,spf,2024:Q3,-0.8072172383919204,-0.8072172383919204
pseudo,pre_advance,A,ar,spf,2024:Q4,-0.05692555044772479,-0.8641427888396451
pseudo,pre_advance,A,ar,standard_dfm,2024:Q3,-0.7857647714127651,-0.7857647714127651
pseudo,pre_advance,A,ar,standard_dfm,2024:Q4,0.04294151850460684,-0.7428232529081583
pseudo,pre_advance,A,no_revision,ar,2024:Q3,0.06291573213851451,0.06291573213851451
pseudo,pre_advance,A,no_revision,ar,2024:Q4,-0.026146771737672124,0.03676896040084238
pseudo,pre_advance,A,no_revision,bridge,2024:Q3,0.013927043978913062,0.013927043978913062
pseudo,pre_advance,A,no_revision,bridge,2024:Q4,-0.07133554020049701,-0.05740849622158395
pseudo,pre_advance,A,no_revision,indicator_revision_only_dfm_kalman_em,2024:Q3,0.04414543711076288,0.04414543711076288
pseudo,pre_advance,A,no_revision,indicator_revision_only_dfm_kalman_em,2024:Q4,-0.0861214932974409,-0.04197605618667802
pseudo,pre_advance,A,no_revision,joint_indicator_revision_dfm_full_kalman_em,2024:Q3,-0.04701992720429399,-0.04701992720429399
pseudo,pre_advance,A,no_revision,joint_indicator_revision_dfm_full_kalman_em,2024:Q4,-0.03056848031548131,-0.0775884075197753
pseudo,pre_advance,A,no_revision,midas_umidas,2024:Q3,-3.5744891175885574,-3.5744891175885574
pseudo,pre_advance,A,no_revision,midas_umidas,2024:Q4,0.02079578275913735,-3.55369333482942
pseudo,pre_advance,A,no_revision,monthly_mixed_frequency_kalman_em,2024:Q3,0.09271244381142343,0.09271244381142343
pseudo,pre_advance,A,no_revision,monthly_mixed_frequency_kalman_em,2024:Q4,-0.2050916185996471,-0.11237917478822368
pseudo,pre_advance,A,no_revision,release_dfm,2024:Q3,-0.7228490392742506,-0.7228490392742506
pseudo,pre_advance,A,no_revision,release_dfm,2024:Q4,0.016794746766934713,-0.7060542925073159
pseudo,pre_advance,A,no_revision,revision_dfm_kalman_em,2024:Q3,0.025477753946808707,0.025477753946808707
pseudo,pre_advance,A,no_revision,revision_dfm_kalman_em,2024:Q4,-0.09157398615124035,-0.06609623220443164
pseudo,pre_advance,A,no_revision,spf,2024:Q3,-0.744301506253406,-0.744301506253406
pseudo,pre_advance,A,no_revision,spf,2024:Q4,-0.08307232218539692,-0.8273738284388029
pseudo,pre_advance,A,no_revision,standard_dfm,2024:Q3,-0.7228490392742506,-0.7228490392742506
pseudo,pre_advance,A,no_revision,standard_dfm,2024:Q4,0.016794746766934713,-0.7060542925073159
pseudo,pre_advance,A,bridge,ar,2024:Q3,0.048988688159601446,0.048988688159601446
pseudo,pre_advance,A,bridge,ar,2024:Q4,0.04518876846282488,0.09417745662242633
pseudo,pre_advance,A,bridge,indicator_revision_only_dfm_kalman_em,2024:Q3,0.03021839313184982,0.03021839313184982
pseudo,pre_advance,A,bridge,indicator_revision_only_dfm_kalman_em,2024:Q4,-0.014785953096943888,0.015432440034905931
pseudo,pre_advance,A,bridge,joint_indicator_revision_dfm_full_kalman_em,2024:Q3,-0.06094697118320705,-0.06094697118320705
pseudo,pre_advance,A,bridge,joint_indicator_revision_dfm_full_kalman_em,2024:Q4,0.040767059885015694,-0.020179911298191355
pseudo,pre_advance,A,bridge,midas_umidas,2024:Q3,-3.5884161615674706,-3.5884161615674706
pseudo,pre_advance,A,bridge,midas_umidas,2024:Q4,0.09213132295963436,-3.4962848386078362
pseudo,pre_advance,A,bridge,monthly_mixed_frequency_kalman_em,2024:Q3,0.07878539983251037,0.07878539983251037
pseudo,pre_advance,A,bridge,monthly_mixed_frequency_kalman_em,2024:Q4,-0.1337560783991501,-0.05497067856663973
pseudo,pre_advance,A,bridge,no_revision,2024:Q3,-0.013927043978913062,-0.013927043978913062
pseudo,pre_advance,A,bridge,no_revision,2024:Q4,0.07133554020049701,0.05740849622158395
pseudo,pre_advance,A,bridge,release_dfm,2024:Q3,-0.7367760832531637,-0.7367760832531637
pseudo,pre_advance,A,bridge,release_dfm,2024:Q4,0.08813028696743172,-0.6486457962857319
pseudo,pre_advance,A,bridge,revision_dfm_kalman_em,2024:Q3,0.011550709967895645,0.011550709967895645
pseudo,pre_advance,A,bridge,revision_dfm_kalman_em,2024:Q4,-0.02023844595074334,-0.008687735982847694
pseudo,pre_advance,A,bridge,spf,2024:Q3,-0.7582285502323189,-0.7582285502323189
pseudo,pre_advance,A,bridge,spf,2024:Q4,-0.011736781984899913,-0.7699653322172189
pseudo,pre_advance,A,bridge,standard_dfm,2024:Q3,-0.7367760832531637,-0.7367760832531637
pseudo,pre_advance,A,bridge,standard_dfm,2024:Q4,0.08813028696743172,-0.6486457962857319
pseudo,pre_advance,A,midas_umidas,ar,2024:Q3,3.637404849727072,3.637404849727072
pseudo,pre_advance,A,midas_umidas,ar,2024:Q4,-0.04694255449680947,3.5904622952302625
pseudo,pre_advance,A,midas_umidas,bridge,2024:Q3,3.5884161615674706,3.5884161615674706
pseudo,pre_advance,A,midas_umidas,bridge,2024:Q4,-0.09213132295963436,3.4962848386078362
pseudo,pre_advance,A,midas_umidas,indicator_revision_only_dfm_kalman_em,2024:Q3,3.6186345546993204,3.6186345546993204
pseudo,pre_advance,A,midas_umidas,indicator_revision_only_dfm_kalman_em,2024:Q4,-0.10691727605657825,3.511717278642742
pseudo,pre_advance,A,midas_umidas,joint_indicator_revision_dfm_full_kalman_em,2024:Q3,3.5274691903842634,3.5274691903842634
pseudo,pre_advance,A,midas_umidas,joint_indicator_revision_dfm_full_kalman_em,2024:Q4,-0.05136426307461866,3.476104927309645
pseudo,pre_advance,A,midas_umidas,monthly_mixed_frequency_kalman_em,2024:Q3,3.6672015613999807,3.6672015613999807
pseudo,pre_advance,A,midas_umidas,monthly_mixed_frequency_kalman_em,2024:Q4,-0.22588740135878446,3.441314160041196
pseudo,pre_advance,A,midas_umidas,no_revision,2024:Q3,3.5744891175885574,3.5744891175885574
pseudo,pre_advance,A,midas_umidas,no_revision,2024:Q4,-0.02079578275913735,3.55369333482942
pseudo,pre_advance,A,midas_umidas,release_dfm,2024:Q3,2.8516400783143068,2.8516400783143068
pseudo,pre_advance,A,midas_umidas,release_dfm,2024:Q4,-0.004001035992202636,2.847639042322104
pseudo,pre_advance,A,midas_umidas,revision_dfm_kalman_em,2024:Q3,3.599966871535366,3.599966871535366
pseudo,pre_advance,A,midas_umidas,revision_dfm_kalman_em,2024:Q4,-0.1123697689103777,3.487597102624988
pseudo,pre_advance,A,midas_umidas,spf,2024:Q3,2.8301876113351514,2.8301876113351514
pseudo,pre_advance,A,midas_umidas,spf,2024:Q4,-0.10386810494453427,2.726319506390617
pseudo,pre_advance,A,midas_umidas,standard_dfm,2024:Q3,2.8516400783143068,2.8516400783143068
pseudo,pre_advance,A,midas_umidas,standard_dfm,2024:Q4,-0.004001035992202636,2.847639042322104
pseudo,pre_advance,A,spf,ar,2024:Q3,0.8072172383919204,0.8072172383919204
pseudo,pre_advance,A,spf,ar,2024:Q4,0.05692555044772479,0.8641427888396451
pseudo,pre_advance,A,spf,bridge,2024:Q3,0.7582285502323189,0.7582285502323189
pseudo,pre_advance,A,spf,bridge,2024:Q4,0.011736781984899913,0.7699653322172189
pseudo,pre_advance,A,spf,indicator_revision_only_dfm_kalman_em,2024:Q3,0.7884469433641688,0.7884469433641688
pseudo,pre_advance,A,spf,indicator_revision_only_dfm_kalman_em,2024:Q4,-0.0030491711120439746,0.7853977722521248
pseudo,pre_advance,A,spf,joint_indicator_revision_dfm_full_kalman_em,2024:Q3,0.6972815790491119,0.6972815790491119
pseudo,pre_advance,A,spf,joint_indicator_revision_dfm_full_kalman_em,2024:Q4,0.05250384186991561,0.7497854209190276
pseudo,pre_advance,A,spf,midas_umidas,2024:Q3,-2.8301876113351514,-2.8301876113351514
pseudo,pre_advance,A,spf,midas_umidas,2024:Q4,0.10386810494453427,-2.726319506390617
pseudo,pre_advance,A,spf,monthly_mixed_frequency_kalman_em,2024:Q3,0.8370139500648294,0.8370139500648294
pseudo,pre_advance,A,spf,monthly_mixed_frequency_kalman_em,2024:Q4,-0.12201929641425019,0.7149946536505791
pseudo,pre_advance,A,spf,no_revision,2024:Q3,0.744301506253406,0.744301506253406
pseudo,pre_advance,A,spf,no_revision,2024:Q4,0.08307232218539692,0.8273738284388029
pseudo,pre_advance,A,spf,release_dfm,2024:Q3,0.02145246697915526,0.02145246697915526
pseudo,pre_advance,A,spf,release_dfm,2024:Q4,0.09986706895233163,0.1213195359314869
pseudo,pre_advance,A,spf,revision_dfm_kalman_em,2024:Q3,0.7697792602002146,0.7697792602002146
pseudo,pre_advance,A,spf,revision_dfm_kalman_em,2024:Q4,-0.008501663965843426,0.7612775962343712
pseudo,pre_advance,A,spf,standard_dfm,2024:Q3,0.02145246697915526,0.02145246697915526
pseudo,pre_advance,A,spf,standard_dfm,2024:Q4,0.09986706895233163,0.1213195359314869
pseudo,pre_advance,A,standard_dfm,ar,2024:Q3,0.7857647714127651,0.7857647714127651
pseudo,pre_advance,A,standard_dfm,ar,2024:Q4,-0.04294151850460684,0.7428232529081583
pseudo,pre_advance,A,standard_dfm,bridge,2024:Q3,0.7367760832531637,0.7367760832531637
pseudo,pre_advance,A,standard_dfm,bridge,2024:Q4,-0.08813028696743172,0.6486457962857319
pseudo,pre_advance,A,standard_dfm,indicator_revision_only_dfm_kalman_em,2024:Q3,0.7669944763850135,0.7669944763850135
pseudo,pre_advance,A,standard_dfm,indicator_revision_only_dfm_kalman_em,2024:Q4,-0.10291624006437561,0.6640782363206379
pseudo,pre_advance,A,standard_dfm,joint_indicator_revision_dfm_full_kalman_em,2024:Q3,0.6758291120699567,0.6758291120699567
pseudo,pre_advance,A,standard_dfm,joint_indicator_revision_dfm_full_kalman_em,2024:Q4,-0.047363227082416026,0.6284658849875406
pseudo,pre_advance,A,standard_dfm,midas_umidas,2024:Q3,-2.8516400783143068,-2.8516400783143068
pseudo,pre_advance,A,standard_dfm,midas_umidas,2024:Q4,0.004001035992202636,-2.847639042322104
pseudo,pre_advance,A,standard_dfm,monthly_mixed_frequency_kalman_em,2024:Q3,0.8155614830856741,0.8155614830856741
pseudo,pre_advance,A,standard_dfm,monthly_mixed_frequency_kalman_em,2024:Q4,-0.22188636536658182,0.5936751177190923
pseudo,pre_advance,A,standard_dfm,no_revision,2024:Q3,0.7228490392742506,0.7228490392742506
pseudo,pre_advance,A,standard_dfm,no_revision,2024:Q4,-0.016794746766934713,0.7060542925073159
pseudo,pre_advance,A,standard_dfm,release_dfm,2024:Q3,0.0,0.0
pseudo,pre_advance,A,standard_dfm,release_dfm,2024:Q4,0.0,0.0
pseudo,pre_advance,A,standard_dfm,revision_dfm_kalman_em,2024:Q3,0.7483267932210593,0.7483267932210593
pseudo,pre_advance,A,standard_dfm,revision_dfm_kalman_em,2024:Q4,-0.10836873291817506,0.6399580603028843
pseudo,pre_advance,A,standard_dfm,spf,2024:Q3,-0.02145246697915526,-0.02145246697915526
pseudo,pre_advance,A,standard_dfm,spf,2024:Q4,-0.09986706895233163,-0.1213195359314869
pseudo,pre_advance,A,release_dfm,ar,2024:Q3,0.7857647714127651,0.7857647714127651
pseudo,pre_advance,A,release_dfm,ar,2024:Q4,-0.04294151850460684,0.7428232529081583
pseudo,pre_advance,A,release_dfm,bridge,2024:Q3,0.7367760832531637,0.7367760832531637
pseudo,pre_advance,A,release_dfm,bridge,2024:Q4,-0.08813028696743172,0.6486457962857319
pseudo,pre_advance,A,release_dfm,indicator_revision_only_dfm_kalman_em,2024:Q3,0.7669944763850135,0.7669944763850135
pseudo,pre_advance,A,release_dfm,indicator_revision_only_dfm_kalman_em,2024:Q4,-0.10291624006437561,0.6640782363206379
pseudo,pre_advance,A,release_dfm,joint_indicator_revision_dfm_full_kalman_em,2024:Q3,0.6758291120699567,0.6758291120699567
pseudo,pre_advance,A,release_dfm,joint_indicator_revision_dfm_full_kalman_em,2024:Q4,-0.047363227082416026,0.6284658849875406
pseudo,pre_advance,A,release_dfm,midas_umidas,2024:Q3,-2.8516400783143068,-2.8516400783143068
pseudo,pre_advance,A,release_dfm,midas_umidas,2024:Q4,0.004001035992202636,-2.847639042322104
pseudo,pre_advance,A,release_dfm,monthly_mixed_frequency_kalman_em,2024:Q3,0.8155614830856741,0.8155614830856741
pseudo,pre_advance,A,release_dfm,monthly_mixed_frequency_kalman_em,2024:Q4,-0.22188636536658182,0.5936751177190923
pseudo,pre_advance,A,release_dfm,no_revision,2024:Q3,0.7228490392742506,0.7228490392742506
pseudo,pre_advance,A,release_dfm,no_revision,2024:Q4,-0.016794746766934713,0.7060542925073159
pseudo,pre_advance,A,release_dfm,revision_dfm_kalman_em,2024:Q3,0.7483267932210593,0.7483267932210593
pseudo,pre_advance,A,release_dfm,revision_dfm_kalman_em,2024:Q4,-0.10836873291817506,0.6399580603028843
pseudo,pre_advance,A,release_dfm,spf,2024:Q3,-0.02145246697915526,-0.02145246697915526
pseudo,pre_advance,A,release_dfm,spf,2024:Q4,-0.09986706895233163,-0.1213195359314869
pseudo,pre_advance,A,release_dfm,standard_dfm,2024:Q3,0.0,0.0
pseudo,pre_advance,A,release_dfm,standard_dfm,2024:Q4,0.0,0.0
pseudo,pre_second,S,ar,bridge,2024:Q3,-0.11038291400373851,-0.11038291400373851
pseudo,pre_second,S,ar,bridge,2024:Q4,0.04527772272040698,-0.06510519128333153
pseudo,pre_second,S,ar,indicator_revision_only_dfm_kalman_em,2024:Q3,0.013320459320592004,0.013320459320592004
pseudo,pre_second,S,ar,indicator_revision_only_dfm_kalman_em,2024:Q4,0.046523427420232716,0.05984388674082472
pseudo,pre_second,S,ar,joint_indicator_revision_dfm_full_kalman_em,2024:Q3,0.02316907025665165,0.02316907025665165
pseudo,pre_second,S,ar,joint_indicator_revision_dfm_full_kalman_em,2024:Q4,0.03239166783530414,0.05556073809195579
pseudo,pre_second,S,ar,midas_umidas,2024:Q3,0.012508438217301472,0.012508438217301472
pseudo,pre_second,S,ar,midas_umidas,2024:Q4,-3.350877249923885,-3.3383688117065833
pseudo,pre_second,S,ar,monthly_mixed_frequency_kalman_em,2024:Q3,0.023304156792707996,0.023304156792707996
pseudo,pre_second,S,ar,monthly_mixed_frequency_kalman_em,2024:Q4,0.060674719732446876,0.08397887652515487
pseudo,pre_second,S,ar,no_revision,2024:Q3,0.05599925683028013,0.05599925683028013
pseudo,pre_second,S,ar,no_revision,2024:Q4,0.051938970479201964,0.10793822730948209
pseudo,pre_second,S,ar,release_dfm,2024:Q3,0.04319124251026349,0.04319124251026349
pseudo,pre_second,S,ar,release_dfm,2024:Q4,0.06051379001331902,0.10370503252358251
pseudo,pre_second,S,ar,revision_dfm_kalman_em,2024:Q3,0.04574087242001641,0.04574087242001641
pseudo,pre_second,S,ar,revision_dfm_kalman_em,2024:Q4,0.03241037499825879,0.0781512474182752
pseudo,pre_second,S,ar,spf,2024:Q3,-0.8720628631697199,-0.8720628631697199
pseudo,pre_second,S,ar,spf,2024:Q4,-0.13354845952079786,-1.005611322690518
pseudo,pre_second,S,ar,standard_dfm,2024:Q3,-0.4043659537826265,-0.4043659537826265
pseudo,pre_second,S,ar,standard_dfm,2024:Q4,0.060190832981197234,-0.3441751208014293
pseudo,pre_second,S,no_revision,ar,2024:Q3,-0.05599925683028013,-0.05599925683028013
pseudo,pre_second,S,no_revision,ar,2024:Q4,-0.051938970479201964,-0.10793822730948209
pseudo,pre_second,S,no_revision,bridge,2024:Q3,-0.16638217083401863,-0.16638217083401863
pseudo,pre_second,S,no_revision,bridge,2024:Q4,-0.006661247758794991,-0.1730434185928136
pseudo,pre_second,S,no_revision,indicator_revision_only_dfm_kalman_em,2024:Q3,-0.04267879750968812,-0.04267879750968812
pseudo,pre_second,S,no_revision,indicator_revision_only_dfm_kalman_em,2024:Q4,-0.005415543058969246,-0.04809434056865737
pseudo,pre_second,S,no_revision,joint_indicator_revision_dfm_full_kalman_em,2024:Q3,-0.032830186573628475,-0.032830186573628475
pseudo,pre_second,S,no_revision,joint_indicator_revision_dfm_full_kalman_em,2024:Q4,-0.019547302643897826,-0.0523774892175263
pseudo,pre_second,S,no_revision,midas_umidas,2024:Q3,-0.043490818612978654,-0.043490818612978654
pseudo,pre_second,S,no_revision,midas_umidas,2024:Q4,-3.4028162204030865,-3.446307039016065
pseudo,pre_second,S,no_revision,monthly_mixed_frequency_kalman_em,2024:Q3,-0.03269510003757213,-0.03269510003757213
pseudo,pre_second,S,no_revision,monthly_mixed_frequency_kalman_em,2024:Q4,0.008735749253244907,-0.023959350784327225
pseudo,pre_second,S,no_revision,release_dfm,2024:Q3,-0.01280801432001664,-0.01280801432001664
pseudo,pre_second,S,no_revision,release_dfm,2024:Q4,0.008574819534117052,-0.004233194785899588
pseudo,pre_second,S,no_revision,revision_dfm_kalman_em,2024:Q3,-0.010258384410263714,-0.010258384410263714
pseudo,pre_second,S,no_revision,revision_dfm_kalman_em,2024:Q4,-0.019528595480943177,-0.02978697989120689
pseudo,pre_second,S,no_revision,spf,2024:Q3,-0.9280621200000001,-0.9280621200000001
pseudo,pre_second,S,no_revision,spf,2024:Q4,-0.18548742999999981,-1.1135495499999999
pseudo,pre_second,S,no_revision,standard_dfm,2024:Q3,-0.46036521061290664,-0.46036521061290664
pseudo,pre_second,S,no_revision,standard_dfm,2024:Q4,0.00825186250199527,-0.45211334811091136
pseudo,pre_second,S,bridge,ar,2024:Q3,0.11038291400373851,0.11038291400373851
pseudo,pre_second,S,bridge,ar,2024:Q4,-0.04527772272040698,0.06510519128333153
pseudo,pre_second,S,bridge,indicator_revision_only_dfm_kalman_em,2024:Q3,0.12370337332433051,0.12370337332433051
pseudo,pre_second,S,bridge,indicator_revision_only_dfm_kalman_em,2024:Q4,0.0012457046998257445,0.12494907802415625
pseudo,pre_second,S,bridge,joint_indicator_revision_dfm_full_kalman_em,2024:Q3,0.13355198426039017,0.13355198426039017
pseudo,pre_second,S,bridge,joint_indicator_revision_dfm_full_kalman_em,2024:Q4,-0.012886054885102837,0.12066592937528733
pseudo,pre_second,S,bridge,midas_umidas,2024:Q3,0.12289135222103999,0.12289135222103999
pseudo,pre_second,S,bridge,midas_umidas,2024:Q4,-3.3961549726442914,-3.2732636204232515
pseudo,pre_second,S,bridge,monthly_mixed_frequency_kalman_em,2024:Q3,0.1336870707964465,0.1336870707964465
pseudo,pre_second,S,bridge,monthly_mixed_frequency_kalman_em,2024:Q4,0.015396997012039898,0.1490840678084864
pseudo,pre_second,S,bridge,no_revision,2024:Q3,0.16638217083401863,0.16638217083401863
pseudo,pre_second,S,bridge,no_revision,2024:Q4,0.006661247758794991,0.1730434185928136
pseudo,pre_second,S,bridge,release_dfm,2024:Q3,0.153574156514002,0.153574156514002
pseudo,pre_second,S,bridge,release_dfm,2024:Q4,0.015236067292912043,0.16881022380691404
pseudo,pre_second,S,bridge,revision_dfm_kalman_em,2024:Q3,0.15612378642375493,0.15612378642375493
pseudo,pre_second,S,bridge,revision_dfm_kalman_em,2024:Q4,-0.012867347722148188,0.14325643870160676
pseudo,pre_second,S,bridge,spf,2024:Q3,-0.7616799491659815,-0.7616799491659815
pseudo,pre_second,S,bridge,spf,2024:Q4,-0.17882618224120483,-0.9405061314071863
pseudo,pre_second,S,bridge,standard_dfm,2024:Q3,-0.29398303977888796,-0.29398303977888796
pseudo,pre_second,S,bridge,standard_dfm,2024:Q4,0.014913110260790261,-0.27906992951809767
pseudo,pre_second,S,midas_umidas,ar,2024:Q3,-0.012508438217301472,-0.012508438217301472
pseudo,pre_second,S,midas_umidas,ar,2024:Q4,3.350877249923885,3.3383688117065833
pseudo,pre_second,S,midas_umidas,bridge,2024:Q3,-0.12289135222103999,-0.12289135222103999
pseudo,pre_second,S,midas_umidas,bridge,2024:Q4,3.3961549726442914,3.2732636204232515
pseudo,pre_second,S,midas_umidas,indicator_revision_only_dfm_kalman_em,2024:Q3,0.000812021103290532,0.000812021103290532
pseudo,pre_second,S,midas_umidas,indicator_revision_only_dfm_kalman_em,2024:Q4,3.3974006773441174,3.398212698447408
pseudo,pre_second,S,midas_umidas,joint_indicator_revision_dfm_full_kalman_em,2024:Q3,0.010660632039350179,0.010660632039350179
pseudo,pre_second,S,midas_umidas,joint_indicator_revision_dfm_full_kalman_em,2024:Q4,3.383268917759189,3.393929549798539
pseudo,pre_second,S,midas_umidas,monthly_mixed_frequency_kalman_em,2024:Q3,0.010795718575406524,0.010795718575406524
pseudo,pre_second,S,midas_umidas,monthly_mixed_frequency_kalman_em,2024:Q4,3.4115519696563315,3.422347688231738
pseudo,pre_second,S,midas_umidas,no_revision,2024:Q3,0.043490818612978654,0.043490818612978654
pseudo,pre_second,S,midas_umidas,no_revision,2024:Q4,3.4028162204030865,3.446307039016065
pseudo,pre_second,S,midas_umidas,release_dfm,2024:Q3,0.030682804292962017,0.030682804292962017
pseudo,pre_second,S,midas_umidas,release_dfm,2024:Q4,3.411391039937204,3.442073844230166
pseudo,pre_second,S,midas_umidas,revision_dfm_kalman_em,2024:Q3,0.03323243420271494,0.03323243420271494
pseudo,pre_second,S,midas_umidas,revision_dfm_kalman_em,2024:Q4,3.3832876249221435,3.4165200591248586
pseudo,pre_second,S,midas_umidas,spf,2024:Q3,-0.8845713013870214,-0.8845713013870214
pseudo,pre_second,S,midas_umidas,spf,2024:Q4,3.2173287904030867,2.3327574890160654
pseudo,pre_second,S,midas_umidas,standard_dfm,2024:Q3,-0.416874391999928,-0.416874391999928
pseudo,pre_second,S,midas_umidas,standard_dfm,2024:Q4,3.4110680829050817,2.9941936909051536
pseudo,pre_second,S,spf,ar,2024:Q3,0.8720628631697199,0.8720628631697199
pseudo,pre_second,S,spf,ar,2024:Q4,0.13354845952079786,1.005611322690518
pseudo,pre_second,S,spf,bridge,2024:Q3,0.7616799491659815,0.7616799491659815
pseudo,pre_second,S,spf,bridge,2024:Q4,0.17882618224120483,0.9405061314071863
pseudo,pre_second,S,spf,indicator_revision_only_dfm_kalman_em,2024:Q3,0.8853833224903119,0.8853833224903119
pseudo,pre_second,S,spf,indicator_revision_only_dfm_kalman_em,2024:Q4,0.18007188694103057,1.0654552094313425
pseudo,pre_second,S,spf,joint_indicator_revision_dfm_full_kalman_em,2024:Q3,0.8952319334263716,0.8952319334263716
pseudo,pre_second,S,spf,joint_indicator_revision_dfm_full_kalman_em,2024:Q4,0.16594012735610197,1.0611720607824737
pseudo,pre_second,S,spf,midas_umidas,2024:Q3,0.8845713013870214,0.8845713013870214
pseudo,pre_second,S,spf,midas_umidas,2024:Q4,-3.2173287904030867,-2.3327574890160654
pseudo,pre_second,S,spf,monthly_mixed_frequency_kalman_em,2024:Q3,0.895367019962428,0.895367019962428
pseudo,pre_second,S,spf,monthly_mixed_frequency_kalman_em,2024:Q4,0.19422317925324473,1.0895901992156727
pseudo,pre_second,S,spf,no_revision,2024:Q3,0.9280621200000001,0.9280621200000001
pseudo,pre_second,S,spf,no_revision,2024:Q4,0.18548742999999981,1.1135495499999999
pseudo,pre_second,S,spf,release_dfm,2024:Q3,0.9152541056799834,0.9152541056799834
pseudo,pre_second,S,spf,release_dfm,2024:Q4,0.19406224953411685,1.1093163552141003
pseudo,pre_second,S,spf,revision_dfm_kalman_em,2024:Q3,0.9178037355897364,0.9178037355897364
pseudo,pre_second,S,spf,revision_dfm_kalman_em,2024:Q4,0.16595883451905663,1.083762570108793
pseudo,pre_second,S,spf,standard_dfm,2024:Q3,0.46769690938709346,0.46769690938709346
pseudo,pre_second,S,spf,standard_dfm,2024:Q4,0.1937392925019951,0.6614362018890886
pseudo,pre_second,S,standard_dfm,ar,2024:Q3,0.4043659537826265,0.4043659537826265
pseudo,pre_second,S,standard_dfm,ar,2024:Q4,-0.060190832981197234,0.3441751208014293
pseudo,pre_second,S,standard_dfm,bridge,2024:Q3,0.29398303977888796,0.29398303977888796
pseudo,pre_second,S,standard_dfm,bridge,2024:Q4,-0.014913110260790261,0.27906992951809767
pseudo,pre_second,S,standard_dfm,indicator_revision_only_dfm_kalman_em,2024:Q3,0.4176864131032185,0.4176864131032185
pseudo,pre_second,S,standard_dfm,indicator_revision_only_dfm_kalman_em,2024:Q4,-0.013667405560964517,0.404019007542254
pseudo,pre_second,S,standard_dfm,joint_indicator_revision_dfm_full_kalman_em,2024:Q3,0.4275350240392781,0.4275350240392781
pseudo,pre_second,S,standard_dfm,joint_indicator_revision_dfm_full_kalman_em,2024:Q4,-0.027799165145893097,0.39973585889338503
pseudo,pre_second,S,standard_dfm,midas_umidas,2024:Q3,0.416874391999928,0.416874391999928
pseudo,pre_second,S,standard_dfm,midas_umidas,2024:Q4,-3.4110680829050817,-2.9941936909051536
pseudo,pre_second,S,standard_dfm,monthly_mixed_frequency_kalman_em,2024:Q3,0.4276701105753345,0.4276701105753345
pseudo,pre_second,S,standard_dfm,monthly_mixed_frequency_kalman_em,2024:Q4,0.00048388675124963763,0.42815399732658416
pseudo,pre_second,S,standard_dfm,no_revision,2024:Q3,0.46036521061290664,0.46036521061290664
pseudo,pre_second,S,standard_dfm,no_revision,2024:Q4,-0.00825186250199527,0.45211334811091136
pseudo,pre_second,S,standard_dfm,release_dfm,2024:Q3,0.44755719629289,0.44755719629289
pseudo,pre_second,S,standard_dfm,release_dfm,2024:Q4,0.0003229570321217818,0.44788015332501174
pseudo,pre_second,S,standard_dfm,revision_dfm_kalman_em,2024:Q3,0.4501068262026429,0.4501068262026429
pseudo,pre_second,S,standard_dfm,revision_dfm_kalman_em,2024:Q4,-0.027780457982938447,0.4223263682197045
pseudo,pre_second,S,standard_dfm,spf,2024:Q3,-0.46769690938709346,-0.46769690938709346
pseudo,pre_second,S,standard_dfm,spf,2024:Q4,-0.1937392925019951,-0.6614362018890886
pseudo,pre_second,S,release_dfm,ar,2024:Q3,-0.04319124251026349,-0.04319124251026349
pseudo,pre_second,S,release_dfm,ar,2024:Q4,-0.06051379001331902,-0.10370503252358251
pseudo,pre_second,S,release_dfm,bridge,2024:Q3,-0.153574156514002,-0.153574156514002
pseudo,pre_second,S,release_dfm,bridge,2024:Q4,-0.015236067292912043,-0.16881022380691404
pseudo,pre_second,S,release_dfm,indicator_revision_only_dfm_kalman_em,2024:Q3,-0.029870783189671485,-0.029870783189671485
pseudo,pre_second,S,release_dfm,indicator_revision_only_dfm_kalman_em,2024:Q4,-0.013990362593086298,-0.04386114578275778
pseudo,pre_second,S,release_dfm,joint_indicator_revision_dfm_full_kalman_em,2024:Q3,-0.020022172253611838,-0.020022172253611838
pseudo,pre_second,S,release_dfm,joint_indicator_revision_dfm_full_kalman_em,2024:Q4,-0.02812212217801488,-0.04814429443162672
pseudo,pre_second,S,release_dfm,midas_umidas,2024:Q3,-0.030682804292962017,-0.030682804292962017
pseudo,pre_second,S,release_dfm,midas_umidas,2024:Q4,-3.411391039937204,-3.442073844230166
pseudo,pre_second,S,release_dfm,monthly_mixed_frequency_kalman_em,2024:Q3,-0.019887085717555493,-0.019887085717555493
pseudo,pre_second,S,release_dfm,monthly_mixed_frequency_kalman_em,2024:Q4,0.00016092971912785576,-0.019726155998427638
pseudo,pre_second,S,release_dfm,no_revision,2024:Q3,0.01280801432001664,0.01280801432001664
pseudo,pre_second,S,release_dfm,no_revision,2024:Q4,-0.008574819534117052,0.004233194785899588
pseudo,pre_second,S,release_dfm,revision_dfm_kalman_em,2024:Q3,0.002549629909752925,0.002549629909752925
pseudo,pre_second,S,release_dfm,revision_dfm_kalman_em,2024:Q4,-0.02810341501506023,-0.025553785105307307
pseudo,pre_second,S,release_dfm,spf,2024:Q3,-0.9152541056799834,-0.9152541056799834
pseudo,pre_second,S,release_dfm,spf,2024:Q4,-0.19406224953411685,-1.1093163552141003
pseudo,pre_second,S,release_dfm,standard_dfm,2024:Q3,-0.44755719629289,-0.44755719629289
pseudo,pre_second,S,release_dfm,standard_dfm,2024:Q4,-0.0003229570321217818,-0.44788015332501174
pseudo,pre_third,T,ar,bridge,2024:Q3,-0.3207095302361288,-0.3207095302361288
pseudo,pre_third,T,ar,bridge,2024:Q4,0.04899916837991379,-0.271710361856215
pseudo,pre_third,T,ar,indicator_revision_only_dfm_kalman_em,2024:Q3,0.012322287163563178,0.012322287163563178
pseudo,pre_third,T,ar,indicator_revision_only_dfm_kalman_em,2024:Q4,0.04903290263903441,0.06135518980259759
pseudo,pre_third,T,ar,joint_indicator_revision_dfm_full_kalman_em,2024:Q3,0.028161318380697076,0.028161318380697076
pseudo,pre_third,T,ar,joint_indicator_revision_dfm_full_kalman_em,2024:Q4,0.04866254329867554,0.07682386167937261
pseudo,pre_third,T,ar,midas_umidas,2024:Q3,-0.07975101347319305,-0.07975101347319305
pseudo,pre_third,T,ar,midas_umidas,2024:Q4,-2.0787192442088314,-2.1584702576820245
pseudo,pre_third,T,ar,monthly_mixed_frequency_kalman_em,2024:Q3,0.008019280461446038,0.008019280461446038
pseudo,pre_third,T,ar,monthly_mixed_frequency_kalman_em,2024:Q4,0.03673372795852842,0.044753008419974455
pseudo,pre_third,T,ar,no_revision,2024:Q3,0.10893601961242862,0.10893601961242862
pseudo,pre_third,T,ar,no_revision,2024:Q4,0.038262134918035304,0.14719815453046392
pseudo,pre_third,T,ar,release_dfm,2024:Q3,0.14529143372997325,0.14529143372997325
pseudo,pre_third,T,ar,release_dfm,2024:Q4,0.04790732697626902,0.19319876070624226
pseudo,pre_third,T,ar,revision_dfm_kalman_em,2024:Q3,0.05124632288903008,0.05124632288903008
pseudo,pre_third,T,ar,revision_dfm_kalman_em,2024:Q4,0.04451534105965587,0.09576166394868596
pseudo,pre_third,T,ar,spf,2024:Q3,-1.2804794603875718,-1.2804794603875718
pseudo,pre_third,T,ar,spf,2024:Q4,-0.2480815450819646,-1.5285610054695364
pseudo,pre_third,T,ar,standard_dfm,2024:Q3,-0.6856248758308874,-0.6856248758308874
pseudo,pre_third,T,ar,standard_dfm,2024:Q4,0.04894539359709864,-0.6366794822337888
pseudo,pre_third,T,no_revision,ar,2024:Q3,-0.10893601961242862,-0.10893601961242862
pseudo,pre_third,T,no_revision,ar,2024:Q4,-0.038262134918035304,-0.14719815453046392
pseudo,pre_third,T,no_revision,bridge,2024:Q3,-0.42964554984855746,-0.42964554984855746
pseudo,pre_third,T,no_revision,bridge,2024:Q4,0.010737033461878485,-0.418908516386679
pseudo,pre_third,T,no_revision,indicator_revision_only_dfm_kalman_em,2024:Q3,-0.09661373244886544,-0.09661373244886544
pseudo,pre_third,T,no_revision,indicator_revision_only_dfm_kalman_em,2024:Q4,0.010770767720999108,-0.08584296472786633
pseudo,pre_third,T,no_revision,joint_indicator_revision_dfm_full_kalman_em,2024:Q3,-0.08077470123173154,-0.08077470123173154
pseudo,pre_third,T,no_revision,joint_indicator_revision_dfm_full_kalman_em,2024:Q4,0.010400408380640236,-0.0703742928510913
pseudo,pre_third,T,no_revision,midas_umidas,2024:Q3,-0.18868703308562168,-0.18868703308562168
pseudo,pre_third,T,no_revision,midas_umidas,2024:Q4,-2.116981379126867,-2.3056684122124884
pseudo,pre_third,T,no_revision,monthly_mixed_frequency_kalman_em,2024:Q3,-0.10091673915098258,-0.10091673915098258
pseudo,pre_third,T,no_revision,monthly_mixed_frequency_kalman_em,2024:Q4,-0.0015284069595068919,-0.10244514611048947
pseudo,pre_third,T,no_revision,release_dfm,2024:Q3,0.03635541411754464,0.03635541411754464
pseudo,pre_third,T,no_revision,release_dfm,2024:Q4,0.009645192058233712,0.04600060617577836
pseudo,pre_third,T,no_revision,revision_dfm_kalman_em,2024:Q3,-0.057689696723398534,-0.057689696723398534
pseudo,pre_third,T,no_revision,revision_dfm_kalman_em,2024:Q4,0.006253206141620566,-0.05143649058177797
pseudo,pre_third,T,no_revision,spf,2024:Q3,-1.3894154800000005,-1.3894154800000005
pseudo,pre_third,T,no_revision,spf,2024:Q4,-0.2863436799999999,-1.6757591600000004
pseudo,pre_third,T,no_revision,standard_dfm,2024:Q3,-0.794560895443316,-0.794560895443316
pseudo,pre_third,T,no_revision,standard_dfm,2024:Q4,0.010683258679063334,-0.7838776367642526
pseudo,pre_third,T,bridge,ar,2024:Q3,0.3207095302361288,0.3207095302361288
pseudo,pre_third,T,bridge,ar,2024:Q4,-0.04899916837991379,0.271710361856215
pseudo,pre_third,T,bridge,indicator_revision_only_dfm_kalman_em,2024:Q3,0.333031817399692,0.333031817399692
pseudo,pre_third,T,bridge,indicator_revision_only_dfm_kalman_em,2024:Q4,3.37342591206228e-05,0.33306555165881263
pseudo,pre_third,T,bridge,joint_indicator_revision_dfm_full_kalman_em,2024:Q3,0.34887084861682593,0.34887084861682593
pseudo,pre_third,T,bridge,joint_indicator_revision_dfm_full_kalman_em,2024:Q4,-0.0003366250812382491,0.34853422353558766
pseudo,pre_third,T,bridge,midas_umidas,2024:Q3,0.24095851676293578,0.24095851676293578
pseudo,pre_third,T,bridge,midas_umidas,2024:Q4,-2.127718412588745,-1.8867598958258094
pseudo,pre_third,T,bridge,monthly_mixed_frequency_kalman_em,2024:Q3,0.32872881069757487,0.32872881069757487
pseudo,pre_third,T,bridge,monthly_mixed_frequency_kalman_em,2024:Q4,-0.012265440421385377,0.3164633702761895
pseudo,pre_third,T,bridge,no_revision,2024:Q3,0.42964554984855746,0.42964554984855746
pseudo,pre_third,T,bridge,no_revision,2024:Q4,-0.010737033461878485,0.418908516386679
pseudo,pre_third,T,bridge,release_dfm,2024:Q3,0.4660009639661021,0.4660009639661021
pseudo,pre_third,T,bridge,release_dfm,2024:Q4,-0.0010918414036447728,0.4649091225624573
pseudo,pre_third,T,bridge,revision_dfm_kalman_em,2024:Q3,0.3719558531251589,0.3719558531251589
pseudo,pre_third,T,bridge,revision_dfm_kalman_em,2024:Q4,-0.004483827320257919,0.36747202580490096
pseudo,pre_third,T,bridge,spf,2024:Q3,-0.959769930151443,-0.959769930151443
pseudo,pre_third,T,bridge,spf,2024:Q4,-0.29708071346187837,-1.2568506436133213
pseudo,pre_third,T,bridge,standard_dfm,2024:Q3,-0.3649153455947586,-0.3649153455947586
pseudo,pre_third,T,bridge,standard_dfm,2024:Q4,-5.3774782815150976e-05,-0.36496912037757373
pseudo,pre_third,T,midas_umidas,ar,2024:Q3,0.07975101347319305,0.07975101347319305
pseudo,pre_third,T,midas_umidas,ar,2024:Q4,2.0787192442088314,2.1584702576820245
pseudo,pre_third,T,midas_umidas,bridge,2024:Q3,-0.24095851676293578,-0.24095851676293578
pseudo,pre_third,T,midas_umidas,bridge,2024:Q4,2.127718412588745,1.8867598958258094
pseudo,pre_third,T,midas_umidas,indicator_revision_only_dfm_kalman_em,2024:Q3,0.09207330063675623,0.09207330063675623
pseudo,pre_third,T,midas_umidas,indicator_revision_only_dfm_kalman_em,2024:Q4,2.1277521468478655,2.219825447484622
pseudo,pre_third,T,midas_umidas,joint_indicator_revision_dfm_full_kalman_em,2024:Q3,0.10791233185389013,0.10791233185389013
pseudo,pre_third,T,midas_umidas,joint_indicator_revision_dfm_full_kalman_em,2024:Q4,2.127381787507507,2.235294119361397
pseudo,pre_third,T,midas_umidas,monthly_mixed_frequency_kalman_em,2024:Q3,0.08777029393463909,0.08777029393463909
pseudo,pre_third,T,midas_umidas,monthly_mixed_frequency_kalman_em,2024:Q4,2.11545297216736,2.203223266101999
pseudo,pre_third,T,midas_umidas,no_revision,2024:Q3,0.18868703308562168,0.18868703308562168
pseudo,pre_third,T,midas_umidas,no_revision,2024:Q4,2.116981379126867,2.3056684122124884
pseudo,pre_third,T,midas_umidas,release_dfm,2024:Q3,0.2250424472031663,0.2250424472031663
pseudo,pre_third,T,midas_umidas,release_dfm,2024:Q4,2.1266265711851005,2.3516690183882667
pseudo,pre_third,T,midas_umidas,revision_dfm_kalman_em,2024:Q3,0.13099733636222313,0.13099733636222313
pseudo,pre_third,T,midas_umidas,revision_dfm_kalman_em,2024:Q4,2.123234585268487,2.2542319216307103
pseudo,pre_third,T,midas_umidas,spf,2024:Q3,-1.2007284469143786,-1.2007284469143786
pseudo,pre_third,T,midas_umidas,spf,2024:Q4,1.8306376991268667,0.6299092522124881
pseudo,pre_third,T,midas_umidas,standard_dfm,2024:Q3,-0.6058738623576944,-0.6058738623576944
pseudo,pre_third,T,midas_umidas,standard_dfm,2024:Q4,2.12766463780593,1.5217907754482356
pseudo,pre_third,T,spf,ar,2024:Q3,1.2804794603875718,1.2804794603875718
pseudo,pre_third,T,spf,ar,2024:Q4,0.2480815450819646,1.5285610054695364
pseudo,pre_third,T,spf,bridge,2024:Q3,0.959769930151443,0.959769930151443
pseudo,pre_third,T,spf,bridge,2024:Q4,0.29708071346187837,1.2568506436133213
pseudo,pre_third,T,spf,indicator_revision_only_dfm_kalman_em,2024:Q3,1.292801747551135,1.292801747551135
pseudo,pre_third,T,spf,indicator_revision_only_dfm_kalman_em,2024:Q4,0.297114447720999,1.5899161952721341
pseudo,pre_third,T,spf,joint_indicator_revision_dfm_full_kalman_em,2024:Q3,1.3086407787682688,1.3086407787682688
pseudo,pre_third,T,spf,joint_indicator_revision_dfm_full_kalman_em,2024:Q4,0.29674408838064015,1.605384867148909
pseudo,pre_third,T,spf,midas_umidas,2024:Q3,1.2007284469143786,1.2007284469143786
pseudo,pre_third,T,spf,midas_umidas,2024:Q4,-1.8306376991268667,-0.6299092522124881
pseudo,pre_third,T,spf,monthly_mixed_frequency_kalman_em,2024:Q3,1.2884987408490178,1.2884987408490178
pseudo,pre_third,T,spf,monthly_mixed_frequency_kalman_em,2024:Q4,0.28481527304049303,1.5733140138895108
pseudo,pre_third,T,spf,no_revision,2024:Q3,1.3894154800000005,1.3894154800000005
pseudo,pre_third,T,spf,no_revision,2024:Q4,0.2863436799999999,1.6757591600000004
pseudo,pre_third,T,spf,release_dfm,2024:Q3,1.425770894117545,1.425770894117545
pseudo,pre_third,T,spf,release_dfm,2024:Q4,0.2959888720582336,1.7217597661757786
pseudo,pre_third,T,spf,revision_dfm_kalman_em,2024:Q3,1.3317257832766018,1.3317257832766018
pseudo,pre_third,T,spf,revision_dfm_kalman_em,2024:Q4,0.2925968861416205,1.6243226694182225
pseudo,pre_third,T,spf,standard_dfm,2024:Q3,0.5948545845566844,0.5948545845566844
pseudo,pre_third,T,spf,standard_dfm,2024:Q4,0.2970269386790632,0.8918815232357475
pseudo,pre_third,T,standard_dfm,ar,2024:Q3,0.6856248758308874,0.6856248758308874
pseudo,pre_third,T,standard_dfm,ar,2024:Q4,-0.04894539359709864,0.6366794822337888
pseudo,pre_third,T,standard_dfm,bridge,2024:Q3,0.3649153455947586,0.3649153455947586
pseudo,pre_third,T,standard_dfm,bridge,2024:Q4,5.3774782815150976e-05,0.36496912037757373
pseudo,pre_third,T,standard_dfm,indicator_revision_only_dfm_kalman_em,2024:Q3,0.6979471629944506,0.6979471629944506
pseudo,pre_third,T,standard_dfm,indicator_revision_only_dfm_kalman_em,2024:Q4,8.750904193577377e-05,0.6980346720363864
pseudo,pre_third,T,standard_dfm,joint_indicator_revision_dfm_full_kalman_em,2024:Q3,0.7137861942115845,0.7137861942115845
pseudo,pre_third,T,standard_dfm,joint_indicator_revision_dfm_full_kalman_em,2024:Q4,-0.0002828502984230981,0.7135033439131614
pseudo,pre_third,T,standard_dfm,midas_umidas,2024:Q3,0.6058738623576944,0.6058738623576944
pseudo,pre_third,T,standard_dfm,midas_umidas,2024:Q4,-2.12766463780593,-1.5217907754482356
pseudo,pre_third,T,standard_dfm,monthly_mixed_frequency_kalman_em,2024:Q3,0.6936441562923334,0.6936441562923334
pseudo,pre_third,T,standard_dfm,monthly_mixed_frequency_kalman_em,2024:Q4,-0.012211665638570226,0.6814324906537632
pseudo,pre_third,T,standard_dfm,no_revision,2024:Q3,0.794560895443316,0.794560895443316
pseudo,pre_third,T,standard_dfm,no_revision,2024:Q4,-0.010683258679063334,0.7838776367642526
pseudo,pre_third,T,standard_dfm,release_dfm,2024:Q3,0.8309163095608607,0.8309163095608607
pseudo,pre_third,T,standard_dfm,release_dfm,2024:Q4,-0.001038066620829622,0.8298782429400311
pseudo,pre_third,T,standard_dfm,revision_dfm_kalman_em,2024:Q3,0.7368711987199175,0.7368711987199175
pseudo,pre_third,T,standard_dfm,revision_dfm_kalman_em,2024:Q4,-0.0044300525374427685,0.7324411461824747
pseudo,pre_third,T,standard_dfm,spf,2024:Q3,-0.5948545845566844,-0.5948545845566844
pseudo,pre_third,T,standard_dfm,spf,2024:Q4,-0.2970269386790632,-0.8918815232357475
pseudo,pre_third,T,release_dfm,ar,2024:Q3,-0.14529143372997325,-0.14529143372997325
pseudo,pre_third,T,release_dfm,ar,2024:Q4,-0.04790732697626902,-0.19319876070624226
pseudo,pre_third,T,release_dfm,bridge,2024:Q3,-0.4660009639661021,-0.4660009639661021
pseudo,pre_third,T,release_dfm,bridge,2024:Q4,0.0010918414036447728,-0.4649091225624573
pseudo,pre_third,T,release_dfm,indicator_revision_only_dfm_kalman_em,2024:Q3,-0.13296914656641007,-0.13296914656641007
pseudo,pre_third,T,release_dfm,indicator_revision_only_dfm_kalman_em,2024:Q4,0.0011255756627653957,-0.13184357090364468
pseudo,pre_third,T,release_dfm,joint_indicator_revision_dfm_full_kalman_em,2024:Q3,-0.11713011534927618,-0.11713011534927618
pseudo,pre_third,T,release_dfm,joint_indicator_revision_dfm_full_kalman_em,2024:Q4,0.0007552163224065237,-0.11637489902686966
pseudo,pre_third,T,release_dfm,midas_umidas,2024:Q3,-0.2250424472031663,-0.2250424472031663
pseudo,pre_third,T,release_dfm,midas_umidas,2024:Q4,-2.1266265711851005,-2.3516690183882667
pseudo,pre_third,T,release_dfm,monthly_mixed_frequency_kalman_em,2024:Q3,-0.1372721532685272,-0.1372721532685272
pseudo,pre_third,T,release_dfm,monthly_mixed_frequency_kalman_em,2024:Q4,-0.011173599017740603,-0.1484457522862678
pseudo,pre_third,T,release_dfm,no_revision,2024:Q3,-0.03635541411754464,-0.03635541411754464
pseudo,pre_third,T,release_dfm,no_revision,2024:Q4,-0.009645192058233712,-0.04600060617577836
pseudo,pre_third,T,release_dfm,revision_dfm_kalman_em,2024:Q3,-0.09404511084094318,-0.09404511084094318
pseudo,pre_third,T,release_dfm,revision_dfm_kalman_em,2024:Q4,-0.0033919859166131466,-0.09743709675755632
pseudo,pre_third,T,release_dfm,spf,2024:Q3,-1.425770894117545,-1.425770894117545
pseudo,pre_third,T,release_dfm,spf,2024:Q4,-0.2959888720582336,-1.7217597661757786
pseudo,pre_third,T,release_dfm,standard_dfm,2024:Q3,-0.8309163095608607,-0.8309163095608607
pseudo,pre_third,T,release_dfm,standard_dfm,2024:Q4,0.001038066620829622,-0.8298782429400311
