model_id,timing_mode,forecast_origin,forecast_origin_date,checkpoint_id,target_id,target_quarter,forecast_value,forecast_variance,forecast_sd,density_source,realized_value,forecast_error,revision_target_flag,converged,n_iter,loglikelihood,llf_initial,llf_final,llf_last_improvement,llf_relative_last_improvement,llf_history_length,numerical_guard_event_count,numerical_guard_events,n_indicators,estimation_window,rolling_window_quarters,training_window_start,excluded_quarters,initialization_seed,initialization_jitter
ar,exact,2024:Q1:pre_advance:exact,2024-04-24,pre_advance,A,2024:Q1,2.5220660619756323,,,not_available,1.5897,0.9323660619756324,False,True,0,,,,,,,0,{},14,expanding,40,1965:Q3,,,0.0
no_revision,exact,2024:Q1:pre_advance:exact,2024-04-24,pre_advance,A,2024:Q1,2.676662735671639,,,not_available,1.5897,1.0869627356716391,False,True,0,,,,,,,0,{},14,expanding,40,1965:Q3,,,0.0
bridge,exact,2024:Q1:pre_advance:exact,2024-04-24,pre_advance,A,2024:Q1,1.3003401037625855,,,not_available,1.5897,-0.2893598962374144,False,True,0,,,,,,,0,{},14,expanding,40,1965:Q3,,,0.0
midas_umidas,exact,2024:Q1:pre_advance:exact,2024-04-24,pre_advance,A,2024:Q1,-1.1901251250953742,,,not_available,1.5897,-2.779825125095374,False,True,0,,,,,,,0,{},14,expanding,40,1965:Q3,,,0.0
spf,exact,2024:Q1:pre_advance:exact,2024-04-24,pre_advance,A,2024:Q1,2.0914,,,not_available,1.5897,0.5017000000000003,False,True,0,,,,,,,0,{},14,expanding,40,1965:Q3,,,0.0
monthly_mixed_frequency_kalman_em,exact,2024:Q1:pre_advance:exact,2024-04-24,pre_advance,A,2024:Q1,1.7601443625239162,13.774792671545946,3.7114407810910772,model_implied_state_space,1.5897,0.17044436252391626,False,False,2,-7349.19207902651,-8510.081799207532,-7349.19207902651,570.5476749024547,0.07203211980540618,3.0,0,{},14,expanding,40,1965:Q3,,,0.0
standard_dfm,exact,2024:Q1:pre_advance:exact,2024-04-24,pre_advance,A,2024:Q1,1.0093654772458316,,,not_available,1.5897,-0.5803345227541683,False,True,0,,,,,,,0,{},14,expanding,40,1965:Q3,,,0.0
release_dfm,exact,2024:Q1:pre_advance:exact,2024-04-24,pre_advance,A,2024:Q1,1.0093654772458316,,,not_available,1.5897,-0.5803345227541683,False,True,0,,,,,,,0,{},14,expanding,40,1965:Q3,,,0.0
revision_dfm_kalman_em,exact,2024:Q1:pre_advance:exact,2024-04-24,pre_advance,A,2024:Q1,1.9365989888372654,12.290285154425629,3.505750298356349,model_implied_state_space,1.5897,0.34689898883726555,False,False,2,-2466.1918476044993,-3523.6144761937826,-2466.1918476044993,387.8343547427121,0.1358426603664305,3.0,0,{},14,expanding,40,1965:Q3,,,0.0
indicator_revision_only_dfm_kalman_em,exact,2024:Q1:pre_advance:exact,2024-04-24,pre_advance,A,2024:Q1,2.2883030571273077,8.032886303134811,2.834234694434251,model_implied_state_space,1.5897,0.6986030571273079,False,False,2,-4084.2640536171657,-5651.876922386602,-4084.2640536171657,428.0280894662901,0.09483722212005176,3.0,0,{},14,expanding,40,1965:Q3,,,0.0
joint_indicator_revision_dfm_full_kalman_em,exact,2024:Q1:pre_advance:exact,2024-04-24,pre_advance,A,2024:Q1,2.025121161186624,11.232308441495759,3.3514636267600695,model_implied_state_space,1.5897,0.4354211611866241,False,False,2,-4135.7704067199,-5664.033101173353,-4135.7704067199,395.2001877714647,0.08720272551014181,3.0,0,{},14,expanding,40,1965:Q3,,,0.0
ar,exact,2024:Q1:pre_second:exact,2024-05-29,pre_second,S,2024:Q1,2.6145769497952154,,,not_available,1.2492,1.3653769497952153,False,True,0,,,,,,,0,{},14,expanding,40,1965:Q3,,,0.0
no_revision,exact,2024:Q1:pre_second:exact,2024-05-29,pre_second,S,2024:Q1,1.5897,,,not_available,1.2492,0.3404999999999998,False,True,0,,,,,,,0,{},14,expanding,40,1965:Q3,,,0.0
bridge,exact,2024:Q1:pre_second:exact,2024-05-29,pre_second,S,2024:Q1,1.2073875171326245,,,not_available,1.2492,-0.0418124828673756,False,True,0,,,,,,,0,{},14,expanding,40,1965:Q3,,,0.0
midas_umidas,exact,2024:Q1:pre_second:exact,2024-05-29,pre_second,S,2024:Q1,0.9009577331991223,,,not_available,1.2492,-0.3482422668008778,False,True,0,,,,,,,0,{},14,expanding,40,1965:Q3,,,0.0
spf,exact,2024:Q1:pre_second:exact,2024-05-29,pre_second,S,2024:Q1,2.0914,,,not_available,1.2492,0.8422000000000001,False,True,0,,,,,,,0,{},14,expanding,40,1965:Q3,,,0.0
monthly_mixed_frequency_kalman_em,exact,2024:Q1:pre_second:exact,2024-05-29,pre_second,S,2024:Q1,1.828856546394414,5.348370064818469,2.312654333189132,model_implied_state_space,1.2492,0.5796565463944139,False,False,2,-7367.951970445678,-8531.05222891732,-7367.951970445678,571.850627108628,0.07201421016116843,3.0,0,{},14,expanding,40,1965:Q3,,,0.0
standard_dfm,exact,2024:Q1:pre_second:exact,2024-05-29,pre_second,S,2024:Q1,1.0730902472096444,,,not_available,1.2492,-0.17610975279035568,False,True,0,,,,,,,0,{},14,expanding,40,1965:Q3,,,0.0
release_dfm,exact,2024:Q1:pre_second:exact,2024-05-29,pre_second,S,2024:Q1,1.7206348114870422,,,not_available,1.2492,0.47143481148704214,False,True,0,,,,,,,0,{},14,expanding,40,1965:Q3,,,0.0
revision_dfm_kalman_em,exact,2024:Q1:pre_second:exact,2024-05-29,pre_second,S,2024:Q1,2.008676275034902,5.541301086650524,2.3539968323365525,model_implied_state_space,1.2492,0.7594762750349018,False,False,2,-2465.75815720429,-3525.5264259183186,-2465.75815720429,388.70153644951097,0.13612573040809925,3.0,0,{},14,expanding,40,1965:Q3,,,0.0
indicator_revision_only_dfm_kalman_em,exact,2024:Q1:pre_second:exact,2024-05-29,pre_second,S,2024:Q1,1.847290307906362,5.155737471258315,2.2706249076539073,model_implied_state_space,1.2492,0.598090307906362,False,False,2,-4101.915477234649,-5663.343668085082,-4101.915477234649,434.30486632079374,0.09572047056027812,3.0,0,{},14,expanding,40,1965:Q3,,,0.0
joint_indicator_revision_dfm_full_kalman_em,exact,2024:Q1:pre_second:exact,2024-05-29,pre_second,S,2024:Q1,2.035338163303977,5.4649455241749845,2.3377222940663813,model_implied_state_space,1.2492,0.7861381633039768,False,False,2,-4149.403825664905,-5676.543709903965,-4149.403825664905,404.88758290948863,0.08888291584318218,3.0,0,{},14,expanding,40,1965:Q3,,,0.0
ar,exact,2024:Q1:pre_third:exact,2024-06-26,pre_third,T,2024:Q1,2.689824280806622,,,not_available,1.4095,1.2803242808066222,False,True,0,,,,,,,0,{},14,expanding,40,1965:Q3,,,0.0
no_revision,exact,2024:Q1:pre_third:exact,2024-06-26,pre_third,T,2024:Q1,1.2492,,,not_available,1.4095,-0.1602999999999999,False,True,0,,,,,,,0,{},14,expanding,40,1965:Q3,,,0.0
bridge,exact,2024:Q1:pre_third:exact,2024-06-26,pre_third,T,2024:Q1,0.9628169123955799,,,not_available,1.4095,-0.4466830876044201,False,True,0,,,,,,,0,{},14,expanding,40,1965:Q3,,,0.0
midas_umidas,exact,2024:Q1:pre_third:exact,2024-06-26,pre_third,T,2024:Q1,1.1366414029402891,,,not_available,1.4095,-0.27285859705971083,False,True,0,,,,,,,0,{},14,expanding,40,1965:Q3,,,0.0
spf,exact,2024:Q1:pre_third:exact,2024-06-26,pre_third,T,2024:Q1,2.0914,,,not_available,1.4095,0.6819000000000002,False,True,0,,,,,,,0,{},14,expanding,40,1965:Q3,,,0.0
monthly_mixed_frequency_kalman_em,exact,2024:Q1:pre_third:exact,2024-06-26,pre_third,T,2024:Q1,1.8321062976584495,6.491259079264688,2.5477949445088175,model_implied_state_space,1.4095,0.4226062976584495,False,False,2,-7441.515825392729,-8569.630542105098,-7441.515825392729,567.9152665699585,0.0708969667237734,3.0,0,{},14,expanding,40,1965:Q3,,,0.0
standard_dfm,exact,2024:Q1:pre_third:exact,2024-06-26,pre_third,T,2024:Q1,0.9936961500701152,,,not_available,1.4095,-0.41580384992988473,False,True,0,,,,,,,0,{},14,expanding,40,1965:Q3,,,0.0
release_dfm,exact,2024:Q1:pre_third:exact,2024-06-26,pre_third,T,2024:Q1,1.4110833562227008,,,not_available,1.4095,0.0015833562227007825,False,True,0,,,,,,,0,{},14,expanding,40,1965:Q3,,,0.0
revision_dfm_kalman_em,exact,2024:Q1:pre_third:exact,2024-06-26,pre_third,T,2024:Q1,1.694153459240379,4.401458963557292,2.0979654343094625,model_implied_state_space,1.4095,0.2846534592403791,False,False,2,-2446.6140487231382,-3515.2019855474155,-2446.6140487231382,377.98911546591944,0.1337728950251942,3.0,0,{},14,expanding,40,1965:Q3,,,0.0
indicator_revision_only_dfm_kalman_em,exact,2024:Q1:pre_third:exact,2024-06-26,pre_third,T,2024:Q1,1.6155716231227235,4.253035006982711,2.062288778755951,model_implied_state_space,1.4095,0.20607162312272354,False,False,2,-4081.852751141908,-5655.501567257013,-4081.852751141908,430.3117116283993,0.09534589647199825,3.0,0,{},14,expanding,40,1965:Q3,,,0.0
joint_indicator_revision_dfm_full_kalman_em,exact,2024:Q1:pre_third:exact,2024-06-26,pre_third,T,2024:Q1,1.713080022805733,4.394843596571388,2.096388226586714,model_implied_state_space,1.4095,0.30358002280573304,False,False,2,-4133.361589066247,-5667.713585194825,-4133.361589066247,397.47237879612294,0.08770673895266456,3.0,0,{},14,expanding,40,1965:Q3,,,0.0
ar,pseudo,2024:Q1:pre_advance:pseudo,2024-04-30,pre_advance,A,2024:Q1,2.5220660619756323,,,not_available,1.5897,0.9323660619756324,False,True,0,,,,,,,0,{},14,expanding,40,1965:Q3,,,0.0
no_revision,pseudo,2024:Q1:pre_advance:pseudo,2024-04-30,pre_advance,A,2024:Q1,2.676662735671639,,,not_available,1.5897,1.0869627356716391,False,True,0,,,,,,,0,{},14,expanding,40,1965:Q3,,,0.0
bridge,pseudo,2024:Q1:pre_advance:pseudo,2024-04-30,pre_advance,A,2024:Q1,1.3744444600071555,,,not_available,1.5897,-0.2152555399928444,False,True,0,,,,,,,0,{},14,expanding,40,1965:Q3,,,0.0
midas_umidas,pseudo,2024:Q1:pre_advance:pseudo,2024-04-30,pre_advance,A,2024:Q1,-1.173318520050758,,,not_available,1.5897,-2.7630185200507578,False,True,0,,,,,,,0,{},14,expanding,40,1965:Q3,,,0.0
spf,pseudo,2024:Q1:pre_advance:pseudo,2024-04-30,pre_advance,A,2024:Q1,2.0914,,,not_available,1.5897,0.5017000000000003,False,True,0,,,,,,,0,{},14,expanding,40,1965:Q3,,,0.0
monthly_mixed_frequency_kalman_em,pseudo,2024:Q1:pre_advance:pseudo,2024-04-30,pre_advance,A,2024:Q1,1.7636823146554932,13.774366763692191,3.7113834029499286,model_implied_state_space,1.5897,0.1739823146554933,False,False,2,-7350.445443109795,-8511.428770225657,-7350.445443109795,570.5672243068439,0.07202301337557761,3.0,0,{},14,expanding,40,1965:Q3,,,0.0
standard_dfm,pseudo,2024:Q1:pre_advance:pseudo,2024-04-30,pre_advance,A,2024:Q1,1.0386770634875357,,,not_available,1.5897,-0.5510229365124641,False,True,0,,,,,,,0,{},14,expanding,40,1965:Q3,,,0.0
release_dfm,pseudo,2024:Q1:pre_advance:pseudo,2024-04-30,pre_advance,A,2024:Q1,1.0386770634875357,,,not_available,1.5897,-0.5510229365124641,False,True,0,,,,,,,0,{},14,expanding,40,1965:Q3,,,0.0
revision_dfm_kalman_em,pseudo,2024:Q1:pre_advance:pseudo,2024-04-30,pre_advance,A,2024:Q1,1.9454197286232777,12.290185225994568,3.505736046252565,model_implied_state_space,1.5897,0.35571972862327783,False,False,2,-2466.219281436682,-3523.624050461552,-2466.219281436682,387.8364803591053,0.1358419984467,3.0,0,{},14,expanding,40,1965:Q3,,,0.0
indicator_revision_only_dfm_kalman_em,pseudo,2024:Q1:pre_advance:pseudo,2024-04-30,pre_advance,A,2024:Q1,2.29318852610845,8.032803932544404,2.834220163033282,model_implied_state_space,1.5897,0.70348852610845,False,False,2,-4084.291337425617,-5651.891196480381,-4084.291337425617,428.02987616140945,0.09483700714074074,3.0,0,{},14,expanding,40,1965:Q3,,,0.0
joint_indicator_revision_dfm_full_kalman_em,pseudo,2024:Q1:pre_advance:pseudo,2024-04-30,pre_advance,A,2024:Q1,2.030905556468333,11.232196967097146,3.3514469960148774,model_implied_state_space,1.5897,0.44120555646833304,False,False,2,-4135.798187536028,-5664.047367785646,-4135.798187536028,395.2015260448816,0.08720246050779588,3.0,0,{},14,expanding,40,1965:Q3,,,0.0
ar,pseudo,2024:Q1:pre_second:pseudo,2024-05-31,pre_second,S,2024:Q1,2.6145769497952154,,,not_available,1.2492,1.3653769497952153,False,True,0,,,,,,,0,{},14,expanding,40,1965:Q3,,,0.0
no_revision,pseudo,2024:Q1:pre_second:pseudo,2024-05-31,pre_second,S,2024:Q1,1.5897,,,not_available,1.2492,0.3404999999999998,False,True,0,,,,,,,0,{},14,expanding,40,1965:Q3,,,0.0
bridge,pseudo,2024:Q1:pre_second:pseudo,2024-05-31,pre_second,S,2024:Q1,1.0984701236340744,,,not_available,1.2492,-0.15072987636592572,False,True,0,,,,,,,0,{},14,expanding,40,1965:Q3,,,0.0
midas_umidas,pseudo,2024:Q1:pre_second:pseudo,2024-05-31,pre_second,S,2024:Q1,0.8832494466028629,,,not_available,1.2492,-0.3659505533971372,False,True,0,,,,,,,0,{},14,expanding,40,1965:Q3,,,0.0
spf,pseudo,2024:Q1:pre_second:pseudo,2024-05-31,pre_second,S,2024:Q1,2.0914,,,not_available,1.2492,0.8422000000000001,False,True,0,,,,,,,0,{},14,expanding,40,1965:Q3,,,0.0
monthly_mixed_frequency_kalman_em,pseudo,2024:Q1:pre_second:pseudo,2024-05-31,pre_second,S,2024:Q1,1.8222025812674552,5.348297117915222,2.312638561884503,model_implied_state_space,1.2492,0.5730025812674551,False,False,2,-7369.139641390219,-8532.370586539639,-7369.139641390219,571.8714253066228,0.07200587112055858,3.0,0,{},14,expanding,40,1965:Q3,,,0.0
standard_dfm,pseudo,2024:Q1:pre_second:pseudo,2024-05-31,pre_second,S,2024:Q1,1.028216970988344,,,not_available,1.2492,-0.22098302901165612,False,True,0,,,,,,,0,{},14,expanding,40,1965:Q3,,,0.0
release_dfm,pseudo,2024:Q1:pre_second:pseudo,2024-05-31,pre_second,S,2024:Q1,1.7217509235025314,,,not_available,1.2492,0.47255092350253136,False,True,0,,,,,,,0,{},14,expanding,40,1965:Q3,,,0.0
revision_dfm_kalman_em,pseudo,2024:Q1:pre_second:pseudo,2024-05-31,pre_second,S,2024:Q1,2.0088109081461836,5.541237192295985,2.353983260835978,model_implied_state_space,1.2492,0.7596109081461835,False,False,2,-2465.5707130992523,-3525.5075521122185,-2465.5707130992523,388.7399042349448,0.13614627490086662,3.0,0,{},14,expanding,40,1965:Q3,,,0.0
indicator_revision_only_dfm_kalman_em,pseudo,2024:Q1:pre_second:pseudo,2024-05-31,pre_second,S,2024:Q1,1.8478103754144612,5.155684886009354,2.270613328158133,model_implied_state_space,1.2492,0.5986103754144612,False,False,2,-4101.740486112518,-5663.346319034489,-4101.740486112518,434.2914616525777,0.09572149075708097,3.0,0,{},14,expanding,40,1965:Q3,,,0.0
joint_indicator_revision_dfm_full_kalman_em,pseudo,2024:Q1:pre_second:pseudo,2024-05-31,pre_second,S,2024:Q1,2.0357927376726463,5.4648984531955715,2.337712226343433,model_implied_state_space,1.2492,0.7865927376726463,False,False,2,-4149.2286125395985,-5676.546176987923,-4149.2286125395985,404.87477655977546,0.08888377320450382,3.0,0,{},14,expanding,40,1965:Q3,,,0.0
ar,pseudo,2024:Q1:pre_third:pseudo,2024-06-30,pre_third,T,2024:Q1,2.689824280806622,,,not_available,1.4095,1.2803242808066222,False,True,0,,,,,,,0,{},14,expanding,40,1965:Q3,,,0.0
no_revision,pseudo,2024:Q1:pre_third:pseudo,2024-06-30,pre_third,T,2024:Q1,1.2492,,,not_available,1.4095,-0.1602999999999999,False,True,0,,,,,,,0,{},14,expanding,40,1965:Q3,,,0.0
bridge,pseudo,2024:Q1:pre_third:pseudo,2024-06-30,pre_third,T,2024:Q1,1.0068562620202313,,,not_available,1.4095,-0.4026437379797687,False,True,0,,,,,,,0,{},14,expanding,40,1965:Q3,,,0.0
midas_umidas,pseudo,2024:Q1:pre_third:pseudo,2024-06-30,pre_third,T,2024:Q1,1.1192835902632852,,,not_available,1.4095,-0.2902164097367148,False,True,0,,,,,,,0,{},14,expanding,40,1965:Q3,,,0.0
spf,pseudo,2024:Q1:pre_third:pseudo,2024-06-30,pre_third,T,2024:Q1,2.0914,,,not_available,1.4095,0.6819000000000002,False,True,0,,,,,,,0,{},14,expanding,40,1965:Q3,,,0.0
monthly_mixed_frequency_kalman_em,pseudo,2024:Q1:pre_third:pseudo,2024-06-30,pre_third,T,2024:Q1,1.8407407210334212,6.491785096373285,2.5478981722928578,model_implied_state_space,1.4095,0.43124072103342126,False,False,2,-7446.639922587436,-8572.332505074284,-7446.639922587436,565.9625309806652,0.07062523181801553,3.0,0,{},14,expanding,40,1965:Q3,,,0.0
standard_dfm,pseudo,2024:Q1:pre_third:pseudo,2024-06-30,pre_third,T,2024:Q1,1.0346422488404197,,,not_available,1.4095,-0.3748577511595803,False,True,0,,,,,,,0,{},14,expanding,40,1965:Q3,,,0.0
release_dfm,pseudo,2024:Q1:pre_third:pseudo,2024-06-30,pre_third,T,2024:Q1,1.4107061742875224,,,not_available,1.4095,0.0012061742875224546,False,True,0,,,,,,,0,{},14,expanding,40,1965:Q3,,,0.0
revision_dfm_kalman_em,pseudo,2024:Q1:pre_third:pseudo,2024-06-30,pre_third,T,2024:Q1,1.7043610532826927,4.401804136940192,2.098047696536042,model_implied_state_space,1.4095,0.29486105328269274,False,False,2,-2448.007064344435,-3515.1728311395013,-2448.007064344435,377.30154488121116,0.13349623025936452,3.0,0,{},14,expanding,40,1965:Q3,,,0.0
indicator_revision_only_dfm_kalman_em,pseudo,2024:Q1:pre_third:pseudo,2024-06-30,pre_third,T,2024:Q1,1.6213672196921434,4.252467383790886,2.0621511544479194,model_implied_state_space,1.4095,0.2118672196921434,False,False,2,-4084.4097398328176,-5655.2650892726315,-4084.4097398328176,429.6279689580533,0.09515490161279469,3.0,0,{},14,expanding,40,1965:Q3,,,0.0
joint_indicator_revision_dfm_full_kalman_em,pseudo,2024:Q1:pre_third:pseudo,2024-06-30,pre_third,T,2024:Q1,1.718989351309773,4.394423379789778,2.0962880002017323,model_implied_state_space,1.4095,0.30948935130977295,False,False,2,-4135.946050024243,-5667.477986707111,-4135.946050024243,396.76310988750083,0.08751401907201839,3.0,0,{},14,expanding,40,1965:Q3,,,0.0
ar,exact,2024:Q2:pre_advance:exact,2024-07-24,pre_advance,A,2024:Q2,2.451373639880469,,,not_available,2.8401,-0.3887263601195312,False,True,0,,,,,,,0,{},14,expanding,40,1965:Q3,,,0.0
no_revision,exact,2024:Q2:pre_advance:exact,2024-07-24,pre_advance,A,2024:Q2,2.6093989715265433,,,not_available,2.8401,-0.23070102847345675,False,True,0,,,,,,,0,{},14,expanding,40,1965:Q3,,,0.0
bridge,exact,2024:Q2:pre_advance:exact,2024-07-24,pre_advance,A,2024:Q2,3.738552782258951,,,not_available,2.8401,0.8984527822589508,False,True,0,,,,,,,0,{},14,expanding,40,1965:Q3,,,0.0
midas_umidas,exact,2024:Q2:pre_advance:exact,2024-07-24,pre_advance,A,2024:Q2,3.240345773809154,,,not_available,2.8401,0.40024577380915405,False,True,0,,,,,,,0,{},14,expanding,40,1965:Q3,,,0.0
spf,exact,2024:Q2:pre_advance:exact,2024-07-24,pre_advance,A,2024:Q2,2.0071,,,not_available,2.8401,-0.8330000000000002,False,True,0,,,,,,,0,{},14,expanding,40,1965:Q3,,,0.0
monthly_mixed_frequency_kalman_em,exact,2024:Q2:pre_advance:exact,2024-07-24,pre_advance,A,2024:Q2,2.563638715252305,14.399483239531694,3.7946651024209888,model_implied_state_space,2.8401,-0.27646128474769505,False,False,2,-7463.363611921307,-8591.159432751978,-7463.363611921307,566.7974707357562,0.0705747855014053,3.0,0,{},14,expanding,40,1965:Q3,,,0.0
standard_dfm,exact,2024:Q2:pre_advance:exact,2024-07-24,pre_advance,A,2024:Q2,2.9529568775418387,,,not_available,2.8401,0.1128568775418386,False,True,0,,,,,,,0,{},14,expanding,40,1965:Q3,,,0.0
release_dfm,exact,2024:Q2:pre_advance:exact,2024-07-24,pre_advance,A,2024:Q2,2.9529568775418387,,,not_available,2.8401,0.1128568775418386,False,True,0,,,,,,,0,{},14,expanding,40,1965:Q3,,,0.0
revision_dfm_kalman_em,exact,2024:Q2:pre_advance:exact,2024-07-24,pre_advance,A,2024:Q2,3.329211354788327,11.89525697338954,3.448950126254298,model_implied_state_space,2.8401,0.489111354788327,False,False,2,-2467.0052960282287,-3536.0912171925197,-2467.0052960282287,377.65260325311283,0.13271187775188553,3.0,0,{},14,expanding,40,1965:Q3,,,0.0
indicator_revision_only_dfm_kalman_em,exact,2024:Q2:pre_advance:exact,2024-07-24,pre_advance,A,2024:Q2,2.876630436996341,8.214260179907365,2.8660530664848767,model_implied_state_space,2.8401,0.03653043699634084,False,False,2,-4139.8902549011,-5703.047035544719,-4139.8902549011,434.82763522694586,0.09502938023453578,3.0,0,{},14,expanding,40,1965:Q3,,,0.0
joint_indicator_revision_dfm_full_kalman_em,exact,2024:Q2:pre_advance:exact,2024-07-24,pre_advance,A,2024:Q2,2.909953061455499,11.431119772429415,3.380993903045289,model_implied_state_space,2.8401,0.06985306145549908,False,False,2,-4187.789356994867,-5716.232188067272,-4187.789356994867,405.1120709230272,0.08818475478404794,3.0,0,{},14,expanding,40,1965:Q3,,,0.0
ar,exact,2024:Q2:pre_second:exact,2024-08-28,pre_second,S,2024:Q2,2.5047589741330625,,,not_available,2.9514,-0.44664102586693755,False,True,0,,,,,,,0,{},14,expanding,40,1965:Q3,,,0.0
no_revision,exact,2024:Q2:pre_second:exact,2024-08-28,pre_second,S,2024:Q2,2.8401,,,not_available,2.9514,-0.11129999999999995,False,True,0,,,,,,,0,{},14,expanding,40,1965:Q3,,,0.0
bridge,exact,2024:Q2:pre_second:exact,2024-08-28,pre_second,S,2024:Q2,3.006406014473579,,,not_available,2.9514,0.05500601447357889,False,True,0,,,,,,,0,{},14,expanding,40,1965:Q3,,,0.0
midas_umidas,exact,2024:Q2:pre_second:exact,2024-08-28,pre_second,S,2024:Q2,2.862498646417099,,,not_available,2.9514,-0.08890135358290108,False,True,0,,,,,,,0,{},14,expanding,40,1965:Q3,,,0.0
spf,exact,2024:Q2:pre_second:exact,2024-08-28,pre_second,S,2024:Q2,2.0071,,,not_available,2.9514,-0.9443000000000001,False,True,0,,,,,,,0,{},14,expanding,40,1965:Q3,,,0.0
monthly_mixed_frequency_kalman_em,exact,2024:Q2:pre_second:exact,2024-08-28,pre_second,S,2024:Q2,2.6177155357054174,5.855964927707755,2.419910107360965,model_implied_state_space,2.9514,-0.33368446429458265,False,False,2,-7484.23470401627,-8613.328483211344,-7484.23470401627,567.3969408606472,0.07046105743848659,3.0,0,{},14,expanding,40,1965:Q3,,,0.0
standard_dfm,exact,2024:Q2:pre_second:exact,2024-08-28,pre_second,S,2024:Q2,2.464230628184028,,,not_available,2.9514,-0.487169371815972,False,True,0,,,,,,,0,{},14,expanding,40,1965:Q3,,,0.0
release_dfm,exact,2024:Q2:pre_second:exact,2024-08-28,pre_second,S,2024:Q2,2.936558921110342,,,not_available,2.9514,-0.014841078889658021,False,True,0,,,,,,,0,{},14,expanding,40,1965:Q3,,,0.0
revision_dfm_kalman_em,exact,2024:Q2:pre_second:exact,2024-08-28,pre_second,S,2024:Q2,2.9175587375547747,5.2907949094185645,2.3001727999040775,model_implied_state_space,2.9514,-0.03384126244522534,False,False,2,-2471.5523722416156,-3539.148098540767,-2471.5523722416156,377.7443031432599,0.13252806502756528,3.0,0,{},14,expanding,40,1965:Q3,,,0.0
indicator_revision_only_dfm_kalman_em,exact,2024:Q2:pre_second:exact,2024-08-28,pre_second,S,2024:Q2,2.7715456519945714,5.14538720996714,2.2683445968298424,model_implied_state_space,2.9514,-0.17985434800542865,False,False,2,-4146.484308206025,-5706.350356783862,-4146.484308206025,433.36057449956115,0.09460276119273553,3.0,0,{},14,expanding,40,1965:Q3,,,0.0
joint_indicator_revision_dfm_full_kalman_em,exact,2024:Q2:pre_second:exact,2024-08-28,pre_second,S,2024:Q2,2.790500497956111,5.4535633045970835,2.3352865572766617,model_implied_state_space,2.9514,-0.1608995020438888,False,False,2,-4194.171780378451,-5719.666135290692,-4194.171780378451,403.67579088983166,0.08777759745981423,3.0,0,{},14,expanding,40,1965:Q3,,,0.0
ar,exact,2024:Q2:pre_third:exact,2024-09-25,pre_third,T,2024:Q2,2.5835523848256576,,,not_available,2.9895,-0.4059476151743424,False,True,0,,,,,,,0,{},14,expanding,40,1965:Q3,,,0.0
no_revision,exact,2024:Q2:pre_third:exact,2024-09-25,pre_third,T,2024:Q2,2.9514,,,not_available,2.9895,-0.03810000000000002,False,True,0,,,,,,,0,{},14,expanding,40,1965:Q3,,,0.0
bridge,exact,2024:Q2:pre_third:exact,2024-09-25,pre_third,T,2024:Q2,2.649781321953517,,,not_available,2.9895,-0.3397186780464829,False,True,0,,,,,,,0,{},14,expanding,40,1965:Q3,,,0.0
midas_umidas,exact,2024:Q2:pre_third:exact,2024-09-25,pre_third,T,2024:Q2,2.0704300636514774,,,not_available,2.9895,-0.9190699363485226,False,True,0,,,,,,,0,{},14,expanding,40,1965:Q3,,,0.0
spf,exact,2024:Q2:pre_third:exact,2024-09-25,pre_third,T,2024:Q2,2.0071,,,not_available,2.9895,-0.9824000000000002,False,True,0,,,,,,,0,{},14,expanding,40,1965:Q3,,,0.0
monthly_mixed_frequency_kalman_em,exact,2024:Q2:pre_third:exact,2024-09-25,pre_third,T,2024:Q2,2.6610863528592255,5.8573665529499435,2.420199692783623,model_implied_state_space,2.9895,-0.3284136471407746,False,False,2,-7444.892336041442,-8612.424900577525,-7444.892336041442,572.6799372642445,0.07141919006837798,3.0,0,{},14,expanding,40,1965:Q3,,,0.0
standard_dfm,exact,2024:Q2:pre_third:exact,2024-09-25,pre_third,T,2024:Q2,2.4794584197387604,,,not_available,2.9895,-0.5100415802612397,False,True,0,,,,,,,0,{},14,expanding,40,1965:Q3,,,0.0
release_dfm,exact,2024:Q2:pre_third:exact,2024-09-25,pre_third,T,2024:Q2,3.0159855952650307,,,not_available,2.9895,0.026485595265030693,False,True,0,,,,,,,0,{},14,expanding,40,1965:Q3,,,0.0
revision_dfm_kalman_em,exact,2024:Q2:pre_third:exact,2024-09-25,pre_third,T,2024:Q2,2.9146879980686733,4.394091943639595,2.096208945606233,model_implied_state_space,2.9895,-0.07481200193132675,False,False,2,-2471.86447557192,-3540.340364856043,-2471.86447557192,378.14271372261874,0.13263478083904356,3.0,0,{},14,expanding,40,1965:Q3,,,0.0
indicator_revision_only_dfm_kalman_em,exact,2024:Q2:pre_third:exact,2024-09-25,pre_third,T,2024:Q2,2.846247166434328,4.229320103020311,2.0565310848660445,model_implied_state_space,2.9895,-0.14325283356567198,False,False,2,-4120.748594102732,-5695.895595554146,-4120.748594102732,430.43989976980265,0.09455669516963007,3.0,0,{},14,expanding,40,1965:Q3,,,0.0
joint_indicator_revision_dfm_full_kalman_em,exact,2024:Q2:pre_third:exact,2024-09-25,pre_third,T,2024:Q2,2.86820467306935,4.374166878493012,2.091450902721126,model_implied_state_space,2.9895,-0.12129532693065004,False,False,2,-4172.772897790301,-5708.187657802192,-4172.772897790301,397.2960247653409,0.0869153433248205,3.0,0,{},14,expanding,40,1965:Q3,,,0.0
ar,pseudo,2024:Q2:pre_advance:pseudo,2024-07-31,pre_advance,A,2024:Q2,2.451373639880469,,,not_available,2.8401,-0.3887263601195312,False,True,0,,,,,,,0,{},14,expanding,40,1965:Q3,,,0.0
no_revision,pseudo,2024:Q2:pre_advance:pseudo,2024-07-31,pre_advance,A,2024:Q2,2.6093989715265433,,,not_available,2.8401,-0.23070102847345675,False,True,0,,,,,,,0,{},14,expanding,40,1965:Q3,,,0.0
bridge,pseudo,2024:Q2:pre_advance:pseudo,2024-07-31,pre_advance,A,2024:Q2,3.6838151673499047,,,not_available,2.8401,0.8437151673499046,False,True,0,,,,,,,0,{},14,expanding,40,1965:Q3,,,0.0
midas_umidas,pseudo,2024:Q2:pre_advance:pseudo,2024-07-31,pre_advance,A,2024:Q2,2.682241898689105,,,not_available,2.8401,-0.15785810131089528,False,True,0,,,,,,,0,{},14,expanding,40,1965:Q3,,,0.0
spf,pseudo,2024:Q2:pre_advance:pseudo,2024-07-31,pre_advance,A,2024:Q2,2.0071,,,not_available,2.8401,-0.8330000000000002,False,True,0,,,,,,,0,{},14,expanding,40,1965:Q3,,,0.0
monthly_mixed_frequency_kalman_em,pseudo,2024:Q2:pre_advance:pseudo,2024-07-31,pre_advance,A,2024:Q2,2.505445031252923,14.39899371923173,3.7946006007525654,model_implied_state_space,2.8401,-0.33465496874707723,False,False,2,-7466.504029375444,-8594.1117352588,-7466.504029375444,566.7528313235243,0.07054203533072226,3.0,0,{},14,expanding,40,1965:Q3,,,0.0
standard_dfm,pseudo,2024:Q2:pre_advance:pseudo,2024-07-31,pre_advance,A,2024:Q2,2.7227905149222416,,,not_available,2.8401,-0.11730948507775851,False,True,0,,,,,,,0,{},14,expanding,40,1965:Q3,,,0.0
release_dfm,pseudo,2024:Q2:pre_advance:pseudo,2024-07-31,pre_advance,A,2024:Q2,2.7227905149222416,,,not_available,2.8401,-0.11730948507775851,False,True,0,,,,,,,0,{},14,expanding,40,1965:Q3,,,0.0
revision_dfm_kalman_em,pseudo,2024:Q2:pre_advance:pseudo,2024-07-31,pre_advance,A,2024:Q2,3.2175608587153377,11.894767697284033,3.4488791943592387,model_implied_state_space,2.8401,0.37746085871533763,False,False,2,-2467.3903046768733,-3536.139703269137,-2467.3903046768733,377.54643561514786,0.1326615698339127,3.0,0,{},14,expanding,40,1965:Q3,,,0.0
indicator_revision_only_dfm_kalman_em,pseudo,2024:Q2:pre_advance:pseudo,2024-07-31,pre_advance,A,2024:Q2,2.7700759571528284,8.21326476498676,2.8658794051716066,model_implied_state_space,2.8401,-0.07002404284717167,False,False,2,-4140.020643160331,-5703.122052467625,-4140.020643160331,435.0344738634094,0.09506757736483629,3.0,0,{},14,expanding,40,1965:Q3,,,0.0
joint_indicator_revision_dfm_full_kalman_em,pseudo,2024:Q2:pre_advance:pseudo,2024-07-31,pre_advance,A,2024:Q2,2.7848471563763,11.429797978187462,3.38079842318164,model_implied_state_space,2.8401,-0.05525284362370009,False,False,2,-4187.92408966278,-5716.307174663446,-4187.92408966278,405.31405613096285,0.08822225650232093,3.0,0,{},14,expanding,40,1965:Q3,,,0.0
ar,pseudo,2024:Q2:pre_second:pseudo,2024-08-31,pre_second,S,2024:Q2,2.5047589741330625,,,not_available,2.9514,-0.44664102586693755,False,True,0,,,,,,,0,{},14,expanding,40,1965:Q3,,,0.0
no_revision,pseudo,2024:Q2:pre_second:pseudo,2024-08-31,pre_second,S,2024:Q2,2.8401,,,not_available,2.9514,-0.11129999999999995,False,True,0,,,,,,,0,{},14,expanding,40,1965:Q3,,,0.0
bridge,pseudo,2024:Q2:pre_second:pseudo,2024-08-31,pre_second,S,2024:Q2,3.014628369518234,,,not_available,2.9514,0.06322836951823385,False,True,0,,,,,,,0,{},14,expanding,40,1965:Q3,,,0.0
midas_umidas,pseudo,2024:Q2:pre_second:pseudo,2024-08-31,pre_second,S,2024:Q2,2.8672896789004594,,,not_available,2.9514,-0.08411032109954064,False,True,0,,,,,,,0,{},14,expanding,40,1965:Q3,,,0.0
spf,pseudo,2024:Q2:pre_second:pseudo,2024-08-31,pre_second,S,2024:Q2,2.0071,,,not_available,2.9514,-0.9443000000000001,False,True,0,,,,,,,0,{},14,expanding,40,1965:Q3,,,0.0
monthly_mixed_frequency_kalman_em,pseudo,2024:Q2:pre_second:pseudo,2024-08-31,pre_second,S,2024:Q2,2.618370178208089,5.855938665302156,2.419904681036457,model_implied_state_space,2.9514,-0.3330298217919112,False,False,2,-7485.475796466805,-8614.65852220911,-7485.475796466805,567.4032676497272,0.0704509296865098,3.0,0,{},14,expanding,40,1965:Q3,,,0.0
standard_dfm,pseudo,2024:Q2:pre_second:pseudo,2024-08-31,pre_second,S,2024:Q2,2.46760663678283,,,not_available,2.9514,-0.48379336321717004,False,True,0,,,,,,,0,{},14,expanding,40,1965:Q3,,,0.0
release_dfm,pseudo,2024:Q2:pre_second:pseudo,2024-08-31,pre_second,S,2024:Q2,2.936475072149068,,,not_available,2.9514,-0.014924927850931802,False,True,0,,,,,,,0,{},14,expanding,40,1965:Q3,,,0.0
revision_dfm_kalman_em,pseudo,2024:Q2:pre_second:pseudo,2024-08-31,pre_second,S,2024:Q2,2.9178901601172282,5.290795362641263,2.3001728984233476,model_implied_state_space,2.9514,-0.033509839882771786,False,False,2,-2471.5473233815746,-3539.1476046871253,-2471.5473233815746,377.74548151737963,0.13252865841296296,3.0,0,{},14,expanding,40,1965:Q3,,,0.0
indicator_revision_only_dfm_kalman_em,pseudo,2024:Q2:pre_second:pseudo,2024-08-31,pre_second,S,2024:Q2,2.771711374239935,5.145389029278955,2.268344997851728,model_implied_state_space,2.9514,-0.17968862576006517,False,False,2,-4146.477341016153,-5706.34866199074,-4146.477341016153,433.3610067252239,0.09460299050694429,3.0,0,{},14,expanding,40,1965:Q3,,,0.0
joint_indicator_revision_dfm_full_kalman_em,pseudo,2024:Q2:pre_second:pseudo,2024-08-31,pre_second,S,2024:Q2,2.7906763137780195,5.453565000476651,2.3352869203754496,model_implied_state_space,2.9514,-0.16072368622198052,False,False,2,-4194.164773848919,-5719.664438005334,-4194.164773848919,403.67625438694813,0.08777782313162494,3.0,0,{},14,expanding,40,1965:Q3,,,0.0
ar,pseudo,2024:Q2:pre_third:pseudo,2024-09-30,pre_third,T,2024:Q2,2.5835523848256576,,,not_available,2.9895,-0.4059476151743424,False,True,0,,,,,,,0,{},14,expanding,40,1965:Q3,,,0.0
no_revision,pseudo,2024:Q2:pre_third:pseudo,2024-09-30,pre_third,T,2024:Q2,2.9514,,,not_available,2.9895,-0.03810000000000002,False,True,0,,,,,,,0,{},14,expanding,40,1965:Q3,,,0.0
bridge,pseudo,2024:Q2:pre_third:pseudo,2024-09-30,pre_third,T,2024:Q2,2.967789797717142,,,not_available,2.9895,-0.021710202282858138,False,True,0,,,,,,,0,{},14,expanding,40,1965:Q3,,,0.0
midas_umidas,pseudo,2024:Q2:pre_third:pseudo,2024-09-30,pre_third,T,2024:Q2,2.2024255730581266,,,not_available,2.9895,-0.7870744269418735,False,True,0,,,,,,,0,{},14,expanding,40,1965:Q3,,,0.0
spf,pseudo,2024:Q2:pre_third:pseudo,2024-09-30,pre_third,T,2024:Q2,2.0071,,,not_available,2.9895,-0.9824000000000002,False,True,0,,,,,,,0,{},14,expanding,40,1965:Q3,,,0.0
monthly_mixed_frequency_kalman_em,pseudo,2024:Q2:pre_third:pseudo,2024-09-30,pre_third,T,2024:Q2,2.675014440578629,5.858459660092508,2.420425512196669,model_implied_state_space,2.9895,-0.3144855594213709,False,False,2,-7448.122057318001,-8615.465057418658,-7448.122057318001,572.6972392722919,0.07139243831081052,3.0,0,{},14,expanding,40,1965:Q3,,,0.0
standard_dfm,pseudo,2024:Q2:pre_third:pseudo,2024-09-30,pre_third,T,2024:Q2,2.603977684494677,,,not_available,2.9895,-0.3855223155053231,False,True,0,,,,,,,0,{},14,expanding,40,1965:Q3,,,0.0
release_dfm,pseudo,2024:Q2:pre_third:pseudo,2024-09-30,pre_third,T,2024:Q2,3.0143403901336083,,,not_available,2.9895,0.02484039013360828,False,True,0,,,,,,,0,{},14,expanding,40,1965:Q3,,,0.0
revision_dfm_kalman_em,pseudo,2024:Q2:pre_third:pseudo,2024-09-30,pre_third,T,2024:Q2,2.916508054544455,4.3941641465355215,2.0962261677919014,model_implied_state_space,2.9895,-0.072991945455545,False,False,2,-2471.8934046883305,-3540.676674699556,-2471.8934046883305,378.60303389345745,0.1327734549378425,3.0,0,{},14,expanding,40,1965:Q3,,,0.0
indicator_revision_only_dfm_kalman_em,pseudo,2024:Q2:pre_third:pseudo,2024-09-30,pre_third,T,2024:Q2,2.8468103599794987,4.2294380133225165,2.0565597519455925,model_implied_state_space,2.9895,-0.14268964002050133,False,False,2,-4119.090942266083,-5696.095612389332,-4119.090942266083,431.27729304752665,0.09475772355690523,3.0,0,{},14,expanding,40,1965:Q3,,,0.0
joint_indicator_revision_dfm_full_kalman_em,pseudo,2024:Q2:pre_third:pseudo,2024-09-30,pre_third,T,2024:Q2,2.868701007979099,4.374217274703762,2.0914629508322067,model_implied_state_space,2.9895,-0.12079899202090116,False,False,2,-4171.114459644356,-5708.388280784554,-4171.114459644356,398.12914838256256,0.08711333192027465,3.0,0,{},14,expanding,40,1965:Q3,,,0.0
ar,exact,2024:Q3:pre_advance:exact,2024-10-29,pre_advance,A,2024:Q3,2.5022415996938236,,,not_available,2.8248,-0.32255840030617655,False,True,0,,,,,,,0,{},14,expanding,40,1965:Q3,,,0.0
no_revision,exact,2024:Q3:pre_advance:exact,2024-10-29,pre_advance,A,2024:Q3,2.416193032674926,,,not_available,2.8248,-0.40860696732507407,False,True,0,,,,,,,0,{},14,expanding,40,1965:Q3,,,0.0
bridge,exact,2024:Q3:pre_advance:exact,2024-10-29,pre_advance,A,2024:Q3,2.406973036116476,,,not_available,2.8248,-0.41782696388352436,False,True,0,,,,,,,0,{},14,expanding,40,1965:Q3,,,0.0
midas_umidas,exact,2024:Q3:pre_advance:exact,2024-10-29,pre_advance,A,2024:Q3,0.9544518095465631,,,not_available,2.8248,-1.8703481904534371,False,True,0,,,,,,,0,{},14,expanding,40,1965:Q3,,,0.0
spf,exact,2024:Q3:pre_advance:exact,2024-10-29,pre_advance,A,2024:Q3,1.8702,,,not_available,2.8248,-0.9546000000000001,False,True,0,,,,,,,0,{},14,expanding,40,1965:Q3,,,0.0
monthly_mixed_frequency_kalman_em,exact,2024:Q3:pre_advance:exact,2024-10-29,pre_advance,A,2024:Q3,2.0088715789786695,14.339285597503663,3.78672491706272,model_implied_state_space,2.8248,-0.8159284210213307,False,False,2,-7518.75237917161,-8654.717012032803,-7518.75237917161,570.7548496928048,0.0705462381464204,3.0,0,{},14,expanding,40,1965:Q3,,,0.0
standard_dfm,exact,2024:Q3:pre_advance:exact,2024-10-29,pre_advance,A,2024:Q3,1.9753128206780828,,,not_available,2.8248,-0.8494871793219174,False,True,0,,,,,,,0,{},14,expanding,40,1965:Q3,,,0.0
release_dfm,exact,2024:Q3:pre_advance:exact,2024-10-29,pre_advance,A,2024:Q3,1.9753128206780828,,,not_available,2.8248,-0.8494871793219174,False,True,0,,,,,,,0,{},14,expanding,40,1965:Q3,,,0.0
revision_dfm_kalman_em,exact,2024:Q3:pre_advance:exact,2024-10-29,pre_advance,A,2024:Q3,2.1028955751861567,11.859781965655241,3.4438034156518342,model_implied_state_space,2.8248,-0.7219044248138435,False,False,2,-2487.910733378787,-3561.3918387857243,-2487.910733378787,380.16944099742614,0.13250568749968147,3.0,0,{},14,expanding,40,1965:Q3,,,0.0
indicator_revision_only_dfm_kalman_em,exact,2024:Q3:pre_advance:exact,2024-10-29,pre_advance,A,2024:Q3,2.282102187292508,8.208231815762844,2.8650011894871605,model_implied_state_space,2.8248,-0.5426978127074924,False,False,2,-4175.685162957689,-5745.639462661061,-4175.685162957689,436.7432650716828,0.09466783150210004,3.0,0,{},14,expanding,40,1965:Q3,,,0.0
joint_indicator_revision_dfm_full_kalman_em,exact,2024:Q3:pre_advance:exact,2024-10-29,pre_advance,A,2024:Q3,2.085669136268908,11.397417423640299,3.3760061350122426,model_implied_state_space,2.8248,-0.7391308637310923,False,False,2,-4223.533536538762,-5758.915657550851,-4223.533536538762,406.91453469758653,0.0878590299273208,3.0,0,{},14,expanding,40,1965:Q3,,,0.0
ar,exact,2024:Q3:pre_second:exact,2024-11-26,pre_second,S,2024:Q3,2.5967948124928846,,,not_available,2.8336,-0.23680518750711554,False,True,0,,,,,,,0,{},14,expanding,40,1965:Q3,,,0.0
no_revision,exact,2024:Q3:pre_second:exact,2024-11-26,pre_second,S,2024:Q3,2.8248,,,not_available,2.8336,-0.008799999999999919,False,True,0,,,,,,,0,{},14,expanding,40,1965:Q3,,,0.0
bridge,exact,2024:Q3:pre_second:exact,2024-11-26,pre_second,S,2024:Q3,2.5321424251252944,,,not_available,2.8336,-0.3014575748747057,False,True,0,,,,,,,0,{},14,expanding,40,1965:Q3,,,0.0
midas_umidas,exact,2024:Q3:pre_second:exact,2024-11-26,pre_second,S,2024:Q3,3.054649787624036,,,not_available,2.8336,0.22104978762403604,False,True,0,,,,,,,0,{},14,expanding,40,1965:Q3,,,0.0
spf,exact,2024:Q3:pre_second:exact,2024-11-26,pre_second,S,2024:Q3,1.8702,,,not_available,2.8336,-0.9634,False,True,0,,,,,,,0,{},14,expanding,40,1965:Q3,,,0.0
monthly_mixed_frequency_kalman_em,exact,2024:Q3:pre_second:exact,2024-11-26,pre_second,S,2024:Q3,2.5802284460919163,5.830873853184185,2.4147202432547306,model_implied_state_space,2.8336,-0.25337155390808386,False,False,2,-7538.424127522834,-8674.277610794778,-7538.424127522834,570.4864448682165,0.07034435704018122,3.0,0,{},14,expanding,40,1965:Q3,,,0.0
standard_dfm,exact,2024:Q3:pre_second:exact,2024-11-26,pre_second,S,2024:Q3,2.3557811996768048,,,not_available,2.8336,-0.47781880032319535,False,True,0,,,,,,,0,{},14,expanding,40,1965:Q3,,,0.0
release_dfm,exact,2024:Q3:pre_second:exact,2024-11-26,pre_second,S,2024:Q3,2.9895610596090467,,,not_available,2.8336,0.1559610596090466,False,True,0,,,,,,,0,{},14,expanding,40,1965:Q3,,,0.0
revision_dfm_kalman_em,exact,2024:Q3:pre_second:exact,2024-11-26,pre_second,S,2024:Q3,2.709817391441073,5.266092767139578,2.2947968901712366,model_implied_state_space,2.8336,-0.12378260855892709,False,False,2,-2489.0097981413546,-3562.8568243615146,-2489.0097981413546,380.3273218812765,0.13250266640396505,3.0,0,{},14,expanding,40,1965:Q3,,,0.0
indicator_revision_only_dfm_kalman_em,exact,2024:Q3:pre_second:exact,2024-11-26,pre_second,S,2024:Q3,2.639322160996806,5.122269639441013,2.263243168429105,model_implied_state_space,2.8336,-0.19427783900319406,False,False,2,-4176.477381767534,-5747.079210799856,-4176.477381767534,437.23984517586814,0.09474900057212773,3.0,0,{},14,expanding,40,1965:Q3,,,0.0
joint_indicator_revision_dfm_full_kalman_em,exact,2024:Q3:pre_second:exact,2024-11-26,pre_second,S,2024:Q3,2.6737736024681715,5.4282703345846635,2.329864874748032,model_implied_state_space,2.8336,-0.1598263975318286,False,False,2,-4224.322188148624,-5760.4465737458095,-4224.322188148624,407.4617194393368,0.08795180771802498,3.0,0,{},14,expanding,40,1965:Q3,,,0.0
ar,exact,2024:Q3:pre_third:exact,2024-12-18,pre_third,T,2024:Q3,2.66526432629407,,,not_available,3.073,-0.4077356737059299,False,True,0,,,,,,,0,{},14,expanding,40,1965:Q3,,,0.0
no_revision,exact,2024:Q3:pre_third:exact,2024-12-18,pre_third,T,2024:Q3,2.8336,,,not_available,3.073,-0.23939999999999984,False,True,0,,,,,,,0,{},14,expanding,40,1965:Q3,,,0.0
bridge,exact,2024:Q3:pre_third:exact,2024-12-18,pre_third,T,2024:Q3,2.3677227363632447,,,not_available,3.073,-0.7052772636367552,False,True,0,,,,,,,0,{},14,expanding,40,1965:Q3,,,0.0
midas_umidas,exact,2024:Q3:pre_third:exact,2024-12-18,pre_third,T,2024:Q3,2.584814950604585,,,not_available,3.073,-0.48818504939541496,False,True,0,,,,,,,0,{},14,expanding,40,1965:Q3,,,0.0
spf,exact,2024:Q3:pre_third:exact,2024-12-18,pre_third,T,2024:Q3,1.8702,,,not_available,3.073,-1.2027999999999999,False,True,0,,,,,,,0,{},14,expanding,40,1965:Q3,,,0.0
monthly_mixed_frequency_kalman_em,exact,2024:Q3:pre_third:exact,2024-12-18,pre_third,T,2024:Q3,2.6228429207780795,6.434481892200309,2.536628055549396,model_implied_state_space,3.073,-0.4501570792219205,False,False,2,-7556.153119424617,-8694.446952801116,-7556.153119424617,571.5500155616146,0.07031257090711589,3.0,0,{},14,expanding,40,1965:Q3,,,0.0
standard_dfm,exact,2024:Q3:pre_third:exact,2024-12-18,pre_third,T,2024:Q3,2.303302452847469,,,not_available,3.073,-0.7696975471525311,False,True,0,,,,,,,0,{},14,expanding,40,1965:Q3,,,0.0
release_dfm,exact,2024:Q3:pre_third:exact,2024-12-18,pre_third,T,2024:Q3,2.9445085752726508,,,not_available,3.073,-0.1284914247273492,False,True,0,,,,,,,0,{},14,expanding,40,1965:Q3,,,0.0
revision_dfm_kalman_em,exact,2024:Q3:pre_third:exact,2024-12-18,pre_third,T,2024:Q3,2.742228533106931,4.615568354545565,2.1483873846551895,model_implied_state_space,3.073,-0.330771466893069,False,False,2,-2504.4675113181893,-3573.866226953213,-2504.4675113181893,392.3356422019683,0.13539071545469597,3.0,0,{},14,expanding,40,1965:Q3,,,0.0
indicator_revision_only_dfm_kalman_em,exact,2024:Q3:pre_third:exact,2024-12-18,pre_third,T,2024:Q3,2.710146609514819,4.501847978575821,2.1217558715780243,model_implied_state_space,3.073,-0.36285339048518095,False,False,2,-4177.246896175524,-5748.357500721069,-4177.246896175524,437.51108622269385,0.09478640082324581,3.0,0,{},14,expanding,40,1965:Q3,,,0.0
joint_indicator_revision_dfm_full_kalman_em,exact,2024:Q3:pre_third:exact,2024-12-18,pre_third,T,2024:Q3,2.7377798897848264,4.603984921081965,2.1456898473642374,model_implied_state_space,3.073,-0.3352201102151735,False,False,2,-4225.199869671102,-5761.694984024062,-4225.199869671102,407.6112204382707,0.08796457441009962,3.0,0,{},14,expanding,40,1965:Q3,,,0.0
ar,pseudo,2024:Q3:pre_advance:pseudo,2024-10-31,pre_advance,A,2024:Q3,2.5022415996938236,,,not_available,2.8248,-0.32255840030617655,False,True,0,,,,,,,0,{},14,expanding,40,1965:Q3,,,0.0
no_revision,pseudo,2024:Q3:pre_advance:pseudo,2024-10-31,pre_advance,A,2024:Q3,2.416193032674926,,,not_available,2.8248,-0.40860696732507407,False,True,0,,,,,,,0,{},14,expanding,40,1965:Q3,,,0.0
bridge,pseudo,2024:Q3:pre_advance:pseudo,2024-10-31,pre_advance,A,2024:Q3,2.433606173658529,,,not_available,2.8248,-0.39119382634147115,False,True,0,,,,,,,0,{},14,expanding,40,1965:Q3,,,0.0
midas_umidas,pseudo,2024:Q3:pre_advance:pseudo,2024-10-31,pre_advance,A,2024:Q3,0.8905175047746641,,,not_available,2.8248,-1.9342824952253361,False,True,0,,,,,,,0,{},14,expanding,40,1965:Q3,,,0.0
spf,pseudo,2024:Q3:pre_advance:pseudo,2024-10-31,pre_advance,A,2024:Q3,1.8702,,,not_available,2.8248,-0.9546000000000001,False,True,0,,,,,,,0,{},14,expanding,40,1965:Q3,,,0.0
monthly_mixed_frequency_kalman_em,pseudo,2024:Q3:pre_advance:pseudo,2024-10-31,pre_advance,A,2024:Q3,2.004370954039472,14.338570475075244,3.7866304909609605,model_implied_state_space,2.8248,-0.8204290459605281,False,False,2,-7519.972231530113,-8656.047686110505,-7519.972231530113,570.7770345386643,0.07053815136513313,3.0,0,{},14,expanding,40,1965:Q3,,,0.0
standard_dfm,pseudo,2024:Q3:pre_advance:pseudo,2024-10-31,pre_advance,A,2024:Q3,1.9855418876162378,,,not_available,2.8248,-0.8392581123837624,False,True,0,,,,,,,0,{},14,expanding,40,1965:Q3,,,0.0
release_dfm,pseudo,2024:Q3:pre_advance:pseudo,2024-10-31,pre_advance,A,2024:Q3,1.9855418876162378,,,not_available,2.8248,-0.8392581123837624,False,True,0,,,,,,,0,{},14,expanding,40,1965:Q3,,,0.0
revision_dfm_kalman_em,pseudo,2024:Q3:pre_advance:pseudo,2024-10-31,pre_advance,A,2024:Q3,2.1060323649560044,11.859766192128335,3.443801125519349,model_implied_state_space,2.8248,-0.7187676350439958,False,False,2,-2487.9141534552878,-3561.390610238428,-2487.9141534552878,380.16596224156865,0.13250447771104923,3.0,0,{},14,expanding,40,1965:Q3,,,0.0
indicator_revision_only_dfm_kalman_em,pseudo,2024:Q3:pre_advance:pseudo,2024-10-31,pre_advance,A,2024:Q3,2.2945456166067424,8.208310548307018,2.865014929857612,model_implied_state_space,2.8248,-0.5302543833932578,False,False,2,-4175.751323948476,-5745.644907664593,-4175.751323948476,436.78333094964455,0.09467433619164825,3.0,0,{},14,expanding,40,1965:Q3,,,0.0
joint_indicator_revision_dfm_full_kalman_em,pseudo,2024:Q3:pre_advance:pseudo,2024-10-31,pre_advance,A,2024:Q3,2.0996401582123347,11.397531785901688,3.376023072477688,model_implied_state_space,2.8248,-0.7251598417876655,False,False,2,-4223.600026105602,-5758.921064875254,-4223.600026105602,406.95439286525743,0.08786561833288002,3.0,0,{},14,expanding,40,1965:Q3,,,0.0
ar,pseudo,2024:Q3:pre_second:pseudo,2024-11-30,pre_second,S,2024:Q3,2.5967948124928846,,,not_available,2.8336,-0.23680518750711554,False,True,0,,,,,,,0,{},14,expanding,40,1965:Q3,,,0.0
no_revision,pseudo,2024:Q3:pre_second:pseudo,2024-11-30,pre_second,S,2024:Q3,2.8248,,,not_available,2.8336,-0.008799999999999919,False,True,0,,,,,,,0,{},14,expanding,40,1965:Q3,,,0.0
bridge,pseudo,2024:Q3:pre_second:pseudo,2024-11-30,pre_second,S,2024:Q3,2.425605378915336,,,not_available,2.8336,-0.4079946210846641,False,True,0,,,,,,,0,{},14,expanding,40,1965:Q3,,,0.0
midas_umidas,pseudo,2024:Q3:pre_second:pseudo,2024-11-30,pre_second,S,2024:Q3,3.042330109502627,,,not_available,2.8336,0.20873010950262705,False,True,0,,,,,,,0,{},14,expanding,40,1965:Q3,,,0.0
spf,pseudo,2024:Q3:pre_second:pseudo,2024-11-30,pre_second,S,2024:Q3,1.8702,,,not_available,2.8336,-0.9634,False,True,0,,,,,,,0,{},14,expanding,40,1965:Q3,,,0.0
monthly_mixed_frequency_kalman_em,pseudo,2024:Q3:pre_second:pseudo,2024-11-30,pre_second,S,2024:Q3,2.576615431577459,5.830908781384873,2.414727475593234,model_implied_state_space,2.8336,-0.25698456842254114,False,False,2,-7541.108624539764,-8676.995105424749,-7541.108624539764,570.448650683652,0.07031674863188465,3.0,0,{},14,expanding,40,1965:Q3,,,0.0
standard_dfm,pseudo,2024:Q3:pre_second:pseudo,2024-11-30,pre_second,S,2024:Q3,2.3245523441279836,,,not_available,2.8336,-0.5090476558720165,False,True,0,,,,,,,0,{},14,expanding,40,1965:Q3,,,0.0
release_dfm,pseudo,2024:Q3:pre_second:pseudo,2024-11-30,pre_second,S,2024:Q3,2.9906249627765424,,,not_available,2.8336,0.15702496277654232,False,True,0,,,,,,,0,{},14,expanding,40,1965:Q3,,,0.0
revision_dfm_kalman_em,pseudo,2024:Q3:pre_second:pseudo,2024-11-30,pre_second,S,2024:Q3,2.7130951819022537,5.2661091650971485,2.294800463024432,model_implied_state_space,2.8336,-0.12050481809774638,False,False,2,-2489.1481193098257,-3562.8768795882106,-2489.1481193098257,380.3075650485953,0.13249031055276447,3.0,0,{},14,expanding,40,1965:Q3,,,0.0
indicator_revision_only_dfm_kalman_em,pseudo,2024:Q3:pre_second:pseudo,2024-11-30,pre_second,S,2024:Q3,2.640637200109289,5.12227946993133,2.2632453401987442,model_implied_state_space,2.8336,-0.19296279989071108,False,False,2,-4176.614960701385,-5747.144593049884,-4176.614960701385,437.28506431476035,0.09475504603444372,3.0,0,{},14,expanding,40,1965:Q3,,,0.0
joint_indicator_revision_dfm_full_kalman_em,pseudo,2024:Q3:pre_second:pseudo,2024-11-30,pre_second,S,2024:Q3,2.674984414296276,5.428263913933927,2.3298634968456686,model_implied_state_space,2.8336,-0.15861558570372392,False,False,2,-4224.459669693822,-5760.512100007948,-4224.459669693822,407.50680315506725,0.08795807298482011,3.0,0,{},14,expanding,40,1965:Q3,,,0.0
ar,pseudo,2024:Q3:pre_third:pseudo,2024-12-31,pre_third,T,2024:Q3,2.66526432629407,,,not_available,3.073,-0.4077356737059299,False,True,0,,,,,,,0,{},14,expanding,40,1965:Q3,,,0.0
no_revision,pseudo,2024:Q3:pre_third:pseudo,2024-12-31,pre_third,T,2024:Q3,2.8336,,,not_available,3.073,-0.23939999999999984,False,True,0,,,,,,,0,{},14,expanding,40,1965:Q3,,,0.0
bridge,pseudo,2024:Q3:pre_third:pseudo,2024-12-31,pre_third,T,2024:Q3,2.3751763046094254,,,not_available,3.073,-0.6978236953905745,False,True,0,,,,,,,0,{},14,expanding,40,1965:Q3,,,0.0
midas_umidas,pseudo,2024:Q3:pre_third:pseudo,2024-12-31,pre_third,T,2024:Q3,2.5770167411236327,,,not_available,3.073,-0.4959832588763673,False,True,0,,,,,,,0,{},14,expanding,40,1965:Q3,,,0.0
spf,pseudo,2024:Q3:pre_third:pseudo,2024-12-31,pre_third,T,2024:Q3,1.8702,,,not_available,3.073,-1.2027999999999999,False,True,0,,,,,,,0,{},14,expanding,40,1965:Q3,,,0.0
monthly_mixed_frequency_kalman_em,pseudo,2024:Q3:pre_third:pseudo,2024-12-31,pre_third,T,2024:Q3,2.6241546523825576,6.434447777546191,2.5366213311304846,model_implied_state_space,3.073,-0.4488453476174423,False,False,2,-7558.699978721121,-8697.151468849728,-7558.699978721121,571.5765158495396,0.07029357767272916,3.0,0,{},14,expanding,40,1965:Q3,,,0.0
standard_dfm,pseudo,2024:Q3:pre_third:pseudo,2024-12-31,pre_third,T,2024:Q3,2.317245739097993,,,not_available,3.073,-0.7557542609020071,False,True,0,,,,,,,0,{},14,expanding,40,1965:Q3,,,0.0
release_dfm,pseudo,2024:Q3:pre_third:pseudo,2024-12-31,pre_third,T,2024:Q3,2.9444264209344353,,,not_available,3.073,-0.12857357906556466,False,True,0,,,,,,,0,{},14,expanding,40,1965:Q3,,,0.0
revision_dfm_kalman_em,pseudo,2024:Q3:pre_third:pseudo,2024-12-31,pre_third,T,2024:Q3,2.743456684239379,4.615562334405364,2.1483859835712398,model_implied_state_space,3.073,-0.3295433157606209,False,False,2,-2504.510178988874,-3573.8764803268227,-2504.510178988874,392.3335574929015,0.1353880999702307,3.0,0,{},14,expanding,40,1965:Q3,,,0.0
indicator_revision_only_dfm_kalman_em,pseudo,2024:Q3:pre_third:pseudo,2024-12-31,pre_third,T,2024:Q3,2.710810781176061,4.501847398004322,2.1217557347640943,model_implied_state_space,3.073,-0.36218921882393884,False,False,2,-4177.277150102473,-5748.369624597868,-4177.277150102473,437.5220101910854,0.09478792187380607,3.0,0,{},14,expanding,40,1965:Q3,,,0.0
joint_indicator_revision_dfm_full_kalman_em,pseudo,2024:Q3:pre_third:pseudo,2024-12-31,pre_third,T,2024:Q3,2.7384521292662987,4.603984620132739,2.1456897772354555,model_implied_state_space,3.073,-0.3345478707337013,False,False,2,-4225.230207303658,-5761.707114301244,-4225.230207303658,407.62203512996257,0.08796612705887367,3.0,0,{},14,expanding,40,1965:Q3,,,0.0
ar,exact,2024:Q4:pre_advance:exact,2025-01-29,pre_advance,A,2024:Q4,2.5030214835002664,,,not_available,2.2512,0.25182148350026656,False,True,0,,,,,,,0,{},14,expanding,40,1965:Q3,,,0.0
no_revision,exact,2024:Q4:pre_advance:exact,2025-01-29,pre_advance,A,2024:Q4,2.444247371944305,,,not_available,2.2512,0.1930473719443051,False,True,0,,,,,,,0,{},14,expanding,40,1965:Q3,,,0.0
bridge,exact,2024:Q4:pre_advance:exact,2025-01-29,pre_advance,A,2024:Q4,2.5038993338243563,,,not_available,2.2512,0.2526993338243564,False,True,0,,,,,,,0,{},14,expanding,40,1965:Q3,,,0.0
midas_umidas,exact,2024:Q4:pre_advance:exact,2025-01-29,pre_advance,A,2024:Q4,2.149665591738329,,,not_available,2.2512,-0.1015344082616707,False,True,0,,,,,,,0,{},14,expanding,40,1965:Q3,,,0.0
spf,exact,2024:Q4:pre_advance:exact,2025-01-29,pre_advance,A,2024:Q4,1.9043,,,not_available,2.2512,-0.34689999999999976,False,True,0,,,,,,,0,{},14,expanding,40,1965:Q3,,,0.0
monthly_mixed_frequency_kalman_em,exact,2024:Q4:pre_advance:exact,2025-01-29,pre_advance,A,2024:Q4,2.5055835556048067,14.282945539840842,3.7792784416923877,model_implied_state_space,2.2512,0.25438355560480685,False,False,2,-7575.577796838585,-8717.370433531898,-7575.577796838585,573.1896021907523,0.07033201981433496,3.0,0,{},14,expanding,40,1965:Q3,,,0.0
standard_dfm,exact,2024:Q4:pre_advance:exact,2025-01-29,pre_advance,A,2024:Q4,2.189989113365019,,,not_available,2.2512,-0.06121088663498098,False,True,0,,,,,,,0,{},14,expanding,40,1965:Q3,,,0.0
release_dfm,exact,2024:Q4:pre_advance:exact,2025-01-29,pre_advance,A,2024:Q4,2.189989113365019,,,not_available,2.2512,-0.06121088663498098,False,True,0,,,,,,,0,{},14,expanding,40,1965:Q3,,,0.0
revision_dfm_kalman_em,exact,2024:Q4:pre_advance:exact,2025-01-29,pre_advance,A,2024:Q4,2.3291031191688676,11.803326410960619,3.4355969511804814,model_implied_state_space,2.2512,0.07790311916886772,False,False,2,-2504.359039110997,-3584.8516967838536,-2504.359039110997,382.67511896512815,0.13250366789984527,3.0,0,{},14,expanding,40,1965:Q3,,,0.0
indicator_revision_only_dfm_kalman_em,exact,2024:Q4:pre_advance:exact,2025-01-29,pre_advance,A,2024:Q4,2.6356300635879952,8.126011864614993,2.8506160500170825,model_implied_state_space,2.2512,0.38443006358799536,False,False,2,-4198.044994357091,-5784.008201785687,-4198.044994357091,441.9920226918839,0.09523561675293997,3.0,0,{},14,expanding,40,1965:Q3,,,0.0
joint_indicator_revision_dfm_full_kalman_em,exact,2024:Q4:pre_advance:exact,2025-01-29,pre_advance,A,2024:Q4,2.472309378952229,11.312301753136719,3.363376540492711,model_implied_state_space,2.2512,0.22110937895222893,False,False,2,-4246.625629562749,-5797.304379818757,-4246.625629562749,411.80086105538794,0.08838016049497904,3.0,0,{},14,expanding,40,1965:Q3,,,0.0
ar,exact,2024:Q4:pre_second:exact,2025-02-26,pre_second,S,2024:Q4,2.5915876882913262,,,not_available,2.3451,0.24648768829132628,False,True,0,,,,,,,0,{},14,expanding,40,1965:Q3,,,0.0
no_revision,exact,2024:Q4:pre_second:exact,2025-02-26,pre_second,S,2024:Q4,2.2512,,,not_available,2.3451,-0.0939000000000001,False,True,0,,,,,,,0,{},14,expanding,40,1965:Q3,,,0.0
bridge,exact,2024:Q4:pre_second:exact,2025-02-26,pre_second,S,2024:Q4,2.273257848902314,,,not_available,2.3451,-0.0718421510976861,False,True,0,,,,,,,0,{},14,expanding,40,1965:Q3,,,0.0
midas_umidas,exact,2024:Q4:pre_second:exact,2025-02-26,pre_second,S,2024:Q4,0.5521882543281651,,,not_available,2.3451,-1.7929117456718349,False,True,0,,,,,,,0,{},14,expanding,40,1965:Q3,,,0.0
spf,exact,2024:Q4:pre_second:exact,2025-02-26,pre_second,S,2024:Q4,1.9043,,,not_available,2.3451,-0.44079999999999986,False,True,0,,,,,,,0,{},14,expanding,40,1965:Q3,,,0.0
monthly_mixed_frequency_kalman_em,exact,2024:Q4:pre_second:exact,2025-02-26,pre_second,S,2024:Q4,2.1736636477158955,5.27696832877803,2.29716528111889,model_implied_state_space,2.3451,-0.17143635228410448,False,False,2,-7533.379025527909,-8716.278013450912,-7533.379025527909,579.8147153874688,0.07145684881342984,3.0,0,{},14,expanding,40,1965:Q3,,,0.0
standard_dfm,exact,2024:Q4:pre_second:exact,2025-02-26,pre_second,S,2024:Q4,2.6126144889576874,,,not_available,2.3451,0.2675144889576875,False,True,0,,,,,,,0,{},14,expanding,40,1965:Q3,,,0.0
release_dfm,exact,2024:Q4:pre_second:exact,2025-02-26,pre_second,S,2024:Q4,2.4200935706232007,,,not_available,2.3451,0.07499357062320078,False,True,0,,,,,,,0,{},14,expanding,40,1965:Q3,,,0.0
revision_dfm_kalman_em,exact,2024:Q4:pre_second:exact,2025-02-26,pre_second,S,2024:Q4,2.450902452381428,5.4791772946506025,2.3407642543944065,model_implied_state_space,2.3451,0.10580245238142805,False,False,2,-2524.021836916538,-3598.4450502249933,-2524.021836916538,395.0103635406408,0.13527602999679095,3.0,0,{},14,expanding,40,1965:Q3,,,0.0
indicator_revision_only_dfm_kalman_em,exact,2024:Q4:pre_second:exact,2025-02-26,pre_second,S,2024:Q4,2.406165865096344,5.076371023490181,2.25308034110863,model_implied_state_space,2.3451,0.06106586509634404,False,False,2,-4194.972949795595,-5785.207571159758,-4194.972949795595,443.7114045575654,0.09563396357798681,3.0,0,{},14,expanding,40,1965:Q3,,,0.0
joint_indicator_revision_dfm_full_kalman_em,exact,2024:Q4:pre_second:exact,2025-02-26,pre_second,S,2024:Q4,2.5334002201688666,5.389255737609732,2.321477059462301,model_implied_state_space,2.3451,0.1883002201688666,False,False,2,-4243.5510235649135,-5798.594060758426,-4243.5510235649135,413.5698170570604,0.08878469048085894,3.0,0,{},14,expanding,40,1965:Q3,,,0.0
ar,exact,2024:Q4:pre_third:exact,2025-03-26,pre_third,T,2024:Q4,2.6712239159811935,,,not_available,2.4495,0.22172391598119345,False,True,0,,,,,,,0,{},14,expanding,40,1965:Q3,,,0.0
no_revision,exact,2024:Q4:pre_third:exact,2025-03-26,pre_third,T,2024:Q4,2.3451,,,not_available,2.4495,-0.10440000000000005,False,True,0,,,,,,,0,{},14,expanding,40,1965:Q3,,,0.0
bridge,exact,2024:Q4:pre_third:exact,2025-03-26,pre_third,T,2024:Q4,2.494763490806641,,,not_available,2.4495,0.04526349080664094,False,True,0,,,,,,,0,{},14,expanding,40,1965:Q3,,,0.0
midas_umidas,exact,2024:Q4:pre_third:exact,2025-03-26,pre_third,T,2024:Q4,0.994998415434841,,,not_available,2.4495,-1.454501584565159,False,True,0,,,,,,,0,{},14,expanding,40,1965:Q3,,,0.0
spf,exact,2024:Q4:pre_third:exact,2025-03-26,pre_third,T,2024:Q4,1.9043,,,not_available,2.4495,-0.5451999999999999,False,True,0,,,,,,,0,{},14,expanding,40,1965:Q3,,,0.0
monthly_mixed_frequency_kalman_em,exact,2024:Q4:pre_third:exact,2025-03-26,pre_third,T,2024:Q4,2.4987366146571053,6.402362807816049,2.5302890759389625,model_implied_state_space,2.4495,0.04923661465710527,False,False,2,-7607.784033966865,-8757.446168433735,-7607.784033966865,576.9664642131283,0.07048424751541232,3.0,0,{},14,expanding,40,1965:Q3,,,0.0
standard_dfm,exact,2024:Q4:pre_third:exact,2025-03-26,pre_third,T,2024:Q4,2.7186210476089663,,,not_available,2.4495,0.26912104760896627,False,True,0,,,,,,,0,{},14,expanding,40,1965:Q3,,,0.0
release_dfm,exact,2024:Q4:pre_third:exact,2025-03-26,pre_third,T,2024:Q4,2.4374924504979165,,,not_available,2.4495,-0.012007549502083492,False,True,0,,,,,,,0,{},14,expanding,40,1965:Q3,,,0.0
revision_dfm_kalman_em,exact,2024:Q4:pre_third:exact,2025-03-26,pre_third,T,2024:Q4,2.4331999762434835,4.351772934669004,2.086090346717755,model_implied_state_space,2.4495,-0.016300023756516513,False,False,2,-2504.737671425546,-3587.4891865575355,-2504.737671425546,383.53932322008677,0.13274577824516529,3.0,0,{},14,expanding,40,1965:Q3,,,0.0
indicator_revision_only_dfm_kalman_em,exact,2024:Q4:pre_third:exact,2025-03-26,pre_third,T,2024:Q4,2.3937517660168046,4.465854206212365,2.1132567771599278,model_implied_state_space,2.4495,-0.055748233983195394,False,False,2,-4195.206096211262,-5786.468619248182,-4195.206096211262,444.2554570114726,0.09573518752740091,3.0,0,{},14,expanding,40,1965:Q3,,,0.0
joint_indicator_revision_dfm_full_kalman_em,exact,2024:Q4:pre_third:exact,2025-03-26,pre_third,T,2024:Q4,2.466365544354266,4.5748108577667255,2.138880748841956,model_implied_state_space,2.4495,0.016865544354265793,False,False,2,-4243.892944513234,-5799.82515005324,-4243.892944513234,413.99278325956766,0.08886090096429097,3.0,0,{},14,expanding,40,1965:Q3,,,0.0
ar,pseudo,2024:Q4:pre_advance:pseudo,2025-01-31,pre_advance,A,2024:Q4,2.5030214835002664,,,not_available,2.2512,0.25182148350026656,False,True,0,,,,,,,0,{},14,expanding,40,1965:Q3,,,0.0
no_revision,pseudo,2024:Q4:pre_advance:pseudo,2025-01-31,pre_advance,A,2024:Q4,2.444247371944305,,,not_available,2.2512,0.1930473719443051,False,True,0,,,,,,,0,{},14,expanding,40,1965:Q3,,,0.0
bridge,pseudo,2024:Q4:pre_advance:pseudo,2025-01-31,pre_advance,A,2024:Q4,2.5807494318233606,,,not_available,2.2512,0.3295494318233607,False,True,0,,,,,,,0,{},14,expanding,40,1965:Q3,,,0.0
midas_umidas,pseudo,2024:Q4:pre_advance:pseudo,2025-01-31,pre_advance,A,2024:Q4,2.1228586385631445,,,not_available,2.2512,-0.12834136143685537,False,True,0,,,,,,,0,{},14,expanding,40,1965:Q3,,,0.0
spf,pseudo,2024:Q4:pre_advance:pseudo,2025-01-31,pre_advance,A,2024:Q4,1.9043,,,not_available,2.2512,-0.34689999999999976,False,True,0,,,,,,,0,{},14,expanding,40,1965:Q3,,,0.0
monthly_mixed_frequency_kalman_em,pseudo,2024:Q4:pre_advance:pseudo,2025-01-31,pre_advance,A,2024:Q4,2.4972396974775184,14.282255814287808,3.7791871896332165,model_implied_state_space,2.2512,0.24603969747751853,False,False,2,-7576.895729635462,-8718.724760286103,-7576.895729635462,573.1774056941831,0.0703192568853086,3.0,0,{},14,expanding,40,1965:Q3,,,0.0
standard_dfm,pseudo,2024:Q4:pre_advance:pseudo,2025-01-31,pre_advance,A,2024:Q4,2.219668536530063,,,not_available,2.2512,-0.03153146346993685,False,True,0,,,,,,,0,{},14,expanding,40,1965:Q3,,,0.0
release_dfm,pseudo,2024:Q4:pre_advance:pseudo,2025-01-31,pre_advance,A,2024:Q4,2.219668536530063,,,not_available,2.2512,-0.03153146346993685,False,True,0,,,,,,,0,{},14,expanding,40,1965:Q3,,,0.0
revision_dfm_kalman_em,pseudo,2024:Q4:pre_advance:pseudo,2025-01-31,pre_advance,A,2024:Q4,2.3382096296290618,11.803316374634536,3.4355954905422923,model_implied_state_space,2.2512,0.08700962962906189,False,False,2,-2504.3934942424994,-3584.8537803686672,-2504.3934942424994,382.6646283383852,0.13249893599662765,3.0,0,{},14,expanding,40,1965:Q3,,,0.0
indicator_revision_only_dfm_kalman_em,pseudo,2024:Q4:pre_advance:pseudo,2025-01-31,pre_advance,A,2024:Q4,2.6417195986508784,8.12600907664232,2.8506155610047315,model_implied_state_space,2.2512,0.3905195986508785,False,False,2,-4198.103416109569,-5784.015209009371,-4198.103416109569,441.98635198808006,0.09523331244878017,3.0,0,{},14,expanding,40,1965:Q3,,,0.0
joint_indicator_revision_dfm_full_kalman_em,pseudo,2024:Q4:pre_advance:pseudo,2025-01-31,pre_advance,A,2024:Q4,2.47951786538745,11.31228349783759,3.363373826656441,model_implied_state_space,2.2512,0.22831786538745025,False,False,2,-4246.684171423872,-5797.311407776332,-4246.684171423872,411.7949225772072,0.08837788822947595,3.0,0,{},14,expanding,40,1965:Q3,,,0.0
ar,pseudo,2024:Q4:pre_second:pseudo,2025-02-28,pre_second,S,2024:Q4,2.5915876882913262,,,not_available,2.3451,0.24648768829132628,False,True,0,,,,,,,0,{},14,expanding,40,1965:Q3,,,0.0
no_revision,pseudo,2024:Q4:pre_second:pseudo,2025-02-28,pre_second,S,2024:Q4,2.2512,,,not_available,2.3451,-0.0939000000000001,False,True,0,,,,,,,0,{},14,expanding,40,1965:Q3,,,0.0
bridge,pseudo,2024:Q4:pre_second:pseudo,2025-02-28,pre_second,S,2024:Q4,2.2206875498240026,,,not_available,2.3451,-0.12441245017599734,False,True,0,,,,,,,0,{},14,expanding,40,1965:Q3,,,0.0
midas_umidas,pseudo,2024:Q4:pre_second:pseudo,2025-02-28,pre_second,S,2024:Q4,0.4980392456112641,,,not_available,2.3451,-1.8470607543887358,False,True,0,,,,,,,0,{},14,expanding,40,1965:Q3,,,0.0
spf,pseudo,2024:Q4:pre_second:pseudo,2025-02-28,pre_second,S,2024:Q4,1.9043,,,not_available,2.3451,-0.44079999999999986,False,True,0,,,,,,,0,{},14,expanding,40,1965:Q3,,,0.0
monthly_mixed_frequency_kalman_em,pseudo,2024:Q4:pre_second:pseudo,2025-02-28,pre_second,S,2024:Q4,2.170726635011031,5.276897327615576,2.297149826984643,model_implied_state_space,2.3451,-0.17437336498896894,False,False,2,-7535.808229661168,-8719.0084939843,-7535.808229661168,579.9396773794706,0.07144975845269491,3.0,0,{},14,expanding,40,1965:Q3,,,0.0
standard_dfm,pseudo,2024:Q4:pre_second:pseudo,2025-02-28,pre_second,S,2024:Q4,2.604770826786232,,,not_available,2.3451,0.2596708267862322,False,True,0,,,,,,,0,{},14,expanding,40,1965:Q3,,,0.0
release_dfm,pseudo,2024:Q4:pre_second:pseudo,2025-02-28,pre_second,S,2024:Q4,2.420858734448892,,,not_available,2.3451,0.07575873444889192,False,True,0,,,,,,,0,{},14,expanding,40,1965:Q3,,,0.0
revision_dfm_kalman_em,pseudo,2024:Q4:pre_second:pseudo,2025-02-28,pre_second,S,2024:Q4,2.453220777462219,5.47923011337126,2.340775536733768,model_implied_state_space,2.3451,0.10812077746221904,False,False,2,-2523.957390048808,-3598.463965377821,-2523.957390048808,395.05485003878994,0.1352921897433343,3.0,0,{},14,expanding,40,1965:Q3,,,0.0
indicator_revision_only_dfm_kalman_em,pseudo,2024:Q4:pre_second:pseudo,2025-02-28,pre_second,S,2024:Q4,2.4080710617375125,5.076335226735994,2.2530723971359627,model_implied_state_space,2.3451,0.06297106173751255,False,False,2,-4194.821486629635,-5785.281020834297,-4194.821486629635,443.7886484877872,0.09565214221960819,3.0,0,{},14,expanding,40,1965:Q3,,,0.0
joint_indicator_revision_dfm_full_kalman_em,pseudo,2024:Q4:pre_second:pseudo,2025-02-28,pre_second,S,2024:Q4,2.535432097714886,5.38923230537374,2.3214720126190924,model_implied_state_space,2.3451,0.19033209771488613,False,False,2,-4243.400748804013,-5798.667325468757,-4243.400748804013,413.64654645166956,0.08880256472985516,3.0,0,{},14,expanding,40,1965:Q3,,,0.0
ar,pseudo,2024:Q4:pre_third:pseudo,2025-03-31,pre_third,T,2024:Q4,2.6712239159811935,,,not_available,2.4495,0.22172391598119345,False,True,0,,,,,,,0,{},14,expanding,40,1965:Q3,,,0.0
no_revision,pseudo,2024:Q4:pre_third:pseudo,2025-03-31,pre_third,T,2024:Q4,2.3451,,,not_available,2.4495,-0.10440000000000005,False,True,0,,,,,,,0,{},14,expanding,40,1965:Q3,,,0.0
bridge,pseudo,2024:Q4:pre_third:pseudo,2025-03-31,pre_third,T,2024:Q4,2.436759256767303,,,not_available,2.4495,-0.012740743232697138,False,True,0,,,,,,,0,{},14,expanding,40,1965:Q3,,,0.0
midas_umidas,pseudo,2024:Q4:pre_third:pseudo,2025-03-31,pre_third,T,2024:Q4,0.9907742755655309,,,not_available,2.4495,-1.4587257244344691,False,True,0,,,,,,,0,{},14,expanding,40,1965:Q3,,,0.0
spf,pseudo,2024:Q4:pre_third:pseudo,2025-03-31,pre_third,T,2024:Q4,1.9043,,,not_available,2.4495,-0.5451999999999999,False,True,0,,,,,,,0,{},14,expanding,40,1965:Q3,,,0.0
monthly_mixed_frequency_kalman_em,pseudo,2024:Q4:pre_third:pseudo,2025-03-31,pre_third,T,2024:Q4,2.4941511507289373,6.4023930442293135,2.5302950508249653,model_implied_state_space,2.4495,0.04465115072893733,False,False,2,-7609.093619184593,-8758.780278001133,-7609.093619184593,576.9454748145799,0.07047058993983084,3.0,0,{},14,expanding,40,1965:Q3,,,0.0
standard_dfm,pseudo,2024:Q4:pre_third:pseudo,2025-03-31,pre_third,T,2024:Q4,2.697474679289609,,,not_available,2.4495,0.24797467928960915,False,True,0,,,,,,,0,{},14,expanding,40,1965:Q3,,,0.0
release_dfm,pseudo,2024:Q4:pre_third:pseudo,2025-03-31,pre_third,T,2024:Q4,2.4377869259534335,,,not_available,2.4495,-0.011713074046566518,False,True,0,,,,,,,0,{},14,expanding,40,1965:Q3,,,0.0
revision_dfm_kalman_em,pseudo,2024:Q4:pre_third:pseudo,2025-03-31,pre_third,T,2024:Q4,2.4320318608454183,4.351777966697966,2.0860915528082575,model_implied_state_space,2.4495,-0.017468139154581674,False,False,2,-2504.7100643179306,-3587.494362455499,-2504.7100643179306,383.551643805763,0.13275074484507118,3.0,0,{},14,expanding,40,1965:Q3,,,0.0
indicator_revision_only_dfm_kalman_em,pseudo,2024:Q4:pre_third:pseudo,2025-03-31,pre_third,T,2024:Q4,2.393094880176471,4.4658402806886945,2.1132534823557476,model_implied_state_space,2.4495,-0.05640511982352914,False,False,2,-4195.147192590996,-5786.479652938778,-4195.147192590996,444.2743635824363,0.09574008701674772,3.0,0,{},14,expanding,40,1965:Q3,,,0.0
joint_indicator_revision_dfm_full_kalman_em,pseudo,2024:Q4:pre_third:pseudo,2025-03-31,pre_third,T,2024:Q4,2.4657172681875226,4.574800430599062,2.1388783113115766,model_implied_state_space,2.4495,0.01621726818752256,False,False,2,-4243.834434538725,-5799.836139218943,-4243.834434538725,414.01150993217834,0.08886567936927069,3.0,0,{},14,expanding,40,1965:Q3,,,0.0
